"","plot_id","site_id","site_name","habitat","seq_run","latitude","longitude","project"
"ANT1-1","ANT1","ANT","Ferme Antoinette","Pasture","BING",5.36904,-53.01705,"BING"
"ANT1-16","ANT1","ANT","Ferme Antoinette","Pasture","BING",5.36904,-53.01705,"BING"
"ANT1-20","ANT1","ANT","Ferme Antoinette","Pasture","BING",5.36904,-53.01705,"BING"
"ANT1-5","ANT1","ANT","Ferme Antoinette","Pasture","BING",5.36904,-53.01705,"BING"
"ANT1-C","ANT1","ANT","Ferme Antoinette","Pasture","BING",5.36904,-53.01705,"BING"
"ANT2-0","ANT2","ANT","Ferme Antoinette","Pasture","BING",5.37259,-53.01238,"BING"
"ANT2-1","ANT2","ANT","Ferme Antoinette","Pasture","BING",5.37259,-53.01238,"BING"
"ANT2-16","ANT2","ANT","Ferme Antoinette","Pasture","BING",5.37259,-53.01238,"BING"
"ANT2-5","ANT2","ANT","Ferme Antoinette","Pasture","BING",5.37259,-53.01238,"BING"
"ANT2-C","ANT2","ANT","Ferme Antoinette","Pasture","BING",5.37259,-53.01238,"BING"
"BRI1-1","BRI1","BRI","Brigandin","Savannah","BING",5.41225,-52.99675,"BING"
"BRI1-5","BRI1","BRI","Brigandin","Savannah","BING",5.41225,-52.99675,"BING"
"BuffP0-1","BuffP0","BUFF","Ferme Buffard","Pasture","BING",5.08031,-52.5892,"BING"
"BuffP0-5","BuffP0","BUFF","Ferme Buffard","Pasture","BING",5.08031,-52.5892,"BING"
"BuffP22-1","BuffP22","BUFF","Ferme Buffard","Pasture","BING",5.07267,-52.58036,"BING"
"BuffP22-5","BuffP22","BUFF","Ferme Buffard","Pasture","BING",5.07267,-52.58036,"BING"
"BuffP22-C","BuffP22","BUFF","Ferme Buffard","Pasture","BING",5.07267,-52.58036,"BING"
"BuffP25-16","BuffP25","BUFF","Ferme Buffard","Pasture","BING",5.07467,-52.58561,"BING"
"BuffP25-20","BuffP25","BUFF","Ferme Buffard","Pasture","BING",5.07467,-52.58561,"BING"
"BuffP25-5","BuffP25","BUFF","Ferme Buffard","Pasture","BING",5.07467,-52.58561,"BING"
"BuffP25-C","BuffP25","BUFF","Ferme Buffard","Pasture","BING",5.07467,-52.58561,"BING"
"CABE1-1","CABE1","CABE","Ferme Burban","Pasture","BING",5.01178,-52.63573,"BING"
"CABE1-20","CABE1","CABE","Ferme Burban","Pasture","BING",5.01178,-52.63573,"BING"
"CABE1-5","CABE1","CABE","Ferme Burban","Pasture","BING",5.01178,-52.63573,"BING"
"CABE2-1","CABE2","CABE","Ferme Burban","Pasture","BING",5.00921,-52.63306,"BING"
"CABE2-16","CABE2","CABE","Ferme Burban","Pasture","BING",5.00921,-52.63306,"BING"
"CABE2-20","CABE2","CABE","Ferme Burban","Pasture","BING",5.00921,-52.63306,"BING"
"CABE2-5","CABE2","CABE","Ferme Burban","Pasture","BING",5.00921,-52.63306,"BING"
"CABE2-C","CABE2","CABE","Ferme Burban","Pasture","BING",5.00921,-52.63306,"BING"
"Camp1-1","Camp1","CAMP","Campus","White-Sand","BING",5.17252,-52.65453,"BING"
"Camp1-2","Camp1","CAMP","Campus","White-Sand","BING",5.17252,-52.65453,"BING"
"Camp1-3","Camp1","CAMP","Campus","White-Sand","BING",5.17252,-52.65453,"BING"
"Camp1-4","Camp1","CAMP","Campus","White-Sand","BING",5.17252,-52.65453,"BING"
"Camp1-C","Camp1","CAMP","Campus","White-Sand","BING",5.17252,-52.65453,"BING"
"Camp2-1","Camp2","CAMP","Campus","White-Sand","BING",5.17277,-52.65516,"BING"
"Camp2-2","Camp2","CAMP","Campus","White-Sand","BING",5.17277,-52.65516,"BING"
"Camp2-3","Camp2","CAMP","Campus","White-Sand","BING",5.17277,-52.65516,"BING"
"Camp2-4","Camp2","CAMP","Campus","White-Sand","BING",5.17277,-52.65516,"BING"
"Camp2-C","Camp2","CAMP","Campus","White-Sand","BING",5.17277,-52.65516,"BING"
"GM1-1","GM1","GM","Grand Macoua","Savannah","BING",5.54232,-53.41758,"BING"
"GM1-16","GM1","GM","Grand Macoua","Savannah","BING",5.54232,-53.41758,"BING"
"GM1-20","GM1","GM","Grand Macoua","Savannah","BING",5.54232,-53.41758,"BING"
"GM1-C","GM1","GM","Grand Macoua","Savannah","BING",5.54232,-53.41758,"BING"
"GM2-1","GM2","GM","Grand Macoua","Savannah","BING",5.53981,-53.41362,"BING"
"GM2-16","GM2","GM","Grand Macoua","Savannah","BING",5.53981,-53.41362,"BING"
"GM2-20","GM2","GM","Grand Macoua","Savannah","BING",5.53981,-53.41362,"BING"
"GM2-5","GM2","GM","Grand Macoua","Savannah","BING",5.53981,-53.41362,"BING"
"GM2-C","GM2","GM","Grand Macoua","Savannah","BING",5.53981,-53.41362,"BING"
"GR-1","GR","GR","Garre-Rocheau","Savannah","BING",5.37966,-53.05548,"BING"
"GR-3","GR","GR","Garre-Rocheau","Savannah","BING",5.37966,-53.05548,"BING"
"GR-4","GR","GR","Garre-Rocheau","Savannah","BING",5.37966,-53.05548,"BING"
"KAR1-1","KAR1","KAR","Karouabo","Savannah","BING",5.23437,-52.80878,"BING"
"KAR2-1","KAR2","KAR","Karouabo","Savannah","BING",5.23705,-52.80337,"BING"
"KAR2-2","KAR2","KAR","Karouabo","Savannah","BING",5.23705,-52.80337,"BING"
"KAR2-3","KAR2","KAR","Karouabo","Savannah","BING",5.23705,-52.80337,"BING"
"KAR2-4","KAR2","KAR","Karouabo","Savannah","BING",5.23705,-52.80337,"BING"
"MAT1-1","MAT1","MAT","Matiti","Savannah","BING",5.06364,-52.60409,"BING"
"MAT1-3","MAT1","MAT","Matiti","Savannah","BING",5.06364,-52.60409,"BING"
"MAT1-4","MAT1","MAT","Matiti","Savannah","BING",5.06364,-52.60409,"BING"
"MAT1-5","MAT1","MAT","Matiti","Savannah","BING",5.06364,-52.60409,"BING"
"MornP1-1","MornP1","MORN","Ferme Mornand","Pasture","BING",5.02839,-52.52158,"BING"
"MornP1-16","MornP1","MORN","Ferme Mornand","Pasture","BING",5.02839,-52.52158,"BING"
"MornP1-20","MornP1","MORN","Ferme Mornand","Pasture","BING",5.02839,-52.52158,"BING"
"MornP1-5","MornP1","MORN","Ferme Mornand","Pasture","BING",5.02839,-52.52158,"BING"
"MornP1-C","MornP1","MORN","Ferme Mornand","Pasture","BING",5.02839,-52.52158,"BING"
"RB-1","RB","RB","Roches Blanches","Savannah","BING",5.4955,-53.30519,"BING"
"RB-2","RB","RB","Roches Blanches","Savannah","BING",5.4955,-53.30519,"BING"
"RB-3","RB","RB","Roches Blanches","Savannah","BING",5.4955,-53.30519,"BING"
"Ren1-1","REN1","REN","Renner","Savannah","BING",5.319,-52.88763,"BING"
"Ren1-5","REN1","REN","Renner","Savannah","BING",5.319,-52.88763,"BING"
"Ren2-1","REN2","REN","Renner","Savannah","BING",5.32333,-52.89078,"BING"
"Ren2-2","REN2","REN","Renner","Savannah","BING",5.32333,-52.89078,"BING"
"Ren2-3","REN2","REN","Renner","Savannah","BING",5.32333,-52.89078,"BING"
"Ren2-4","REN2","REN","Renner","Savannah","BING",5.32333,-52.89078,"BING"
"Ren3-4","REN3","REN","Renner","Savannah","BING",5.32678,-52.89618,"BING"
"Ren3-5","REN3","REN","Renner","Savannah","BING",5.32678,-52.89618,"BING"
"SAM-2","SAM1","SAM","Savane des Mornes","Savannah","BING",4.99486,-52.46555,"BING"
"SAM-3","SAM1","SAM","Savane des Mornes","Savannah","BING",4.99486,-52.46555,"BING"
"SAM-4","SAM1","SAM","Savane des Mornes","Savannah","BING",4.99486,-52.46555,"BING"
"SAM-5","SAM1","SAM","Savane des Mornes","Savannah","BING",4.99486,-52.46555,"BING"
"SAVINC1-1","SAVINC1","SAVINC","Savance Incluse","Savannah","BING",5.26795,-52.95752,"BING"
"SAVINC1-16","SAVINC1","SAVINC","Savance Incluse","Savannah","BING",5.26795,-52.95752,"BING"
"SAVINC1-20","SAVINC1","SAVINC","Savance Incluse","Savannah","BING",5.26795,-52.95752,"BING"
"SAVINC1-5","SAVINC1","SAVINC","Savance Incluse","Savannah","BING",5.26795,-52.95752,"BING"
"SAVINC1-C","SAVINC1","SAVINC","Savance Incluse","Savannah","BING",5.26795,-52.95752,"BING"
"SAVINC2-1","SAVINC2","SAVINC","Savance Incluse","Savannah","BING",5.26815,-52.96146,"BING"
"SAVINC2-16","SAVINC2","SAVINC","Savance Incluse","Savannah","BING",5.26815,-52.96146,"BING"
"SAVINC2-20","SAVINC2","SAVINC","Savance Incluse","Savannah","BING",5.26815,-52.96146,"BING"
"SAVINC2-5","SAVINC2","SAVINC","Savance Incluse","Savannah","BING",5.26815,-52.96146,"BING"
"SAVINC2-C","SAVINC2","SAVINC","Savance Incluse","Savannah","BING",5.26815,-52.96146,"BING"
"SF1-1","SF1","SF","Fleche","Savannah","BING",5.528,-53.38391,"BING"
"SF1-16","SF1","SF","Fleche","Savannah","BING",5.528,-53.38391,"BING"
"SF1-20","SF1","SF","Fleche","Savannah","BING",5.528,-53.38391,"BING"
"SF1-5","SF1","SF","Fleche","Savannah","BING",5.528,-53.38391,"BING"
"SF1-C","SF1","SF","Fleche","Savannah","BING",5.528,-53.38391,"BING"
"SF2-1","SF2","SF","Fleche","Savannah","BING",5.52565,-53.37945,"BING"
"SF2-16","SF2","SF","Fleche","Savannah","BING",5.52565,-53.37945,"BING"
"SF2-20","SF2","SF","Fleche","Savannah","BING",5.52565,-53.37945,"BING"
"SF2-5","SF2","SF","Fleche","Savannah","BING",5.52565,-53.37945,"BING"
"SF2-C","SF2","SF","Fleche","Savannah","BING",5.52565,-53.37945,"BING"
"SP1-1","SP1","SF","Savane des Peres","Savannah","BING",5.11717,-52.65444,"BING"
"SP1-2","SP1","SF","Savane des Peres","Savannah","BING",5.11717,-52.65444,"BING"
"SP1-3","SP1","SF","Savane des Peres","Savannah","BING",5.11717,-52.65444,"BING"
"SP1-4","SP1","SF","Savane des Peres","Savannah","BING",5.11717,-52.65444,"BING"
"SP1-5","SP1","SF","Savane des Peres","Savannah","BING",5.11717,-52.65444,"BING"
"SP2-1","SP2","SF","Savane des Peres","Savannah","BING",5.12175,-52.65332,"BING"
"SP2-2","SP2","SF","Savane des Peres","Savannah","BING",5.12175,-52.65332,"BING"
"SP2-3","SP2","SF","Savane des Peres","Savannah","BING",5.12175,-52.65332,"BING"
"SP2-4","SP2","SF","Savane des Peres","Savannah","BING",5.12175,-52.65332,"BING"
"SP2-5","SP2","SF","Savane des Peres","Savannah","BING",5.12175,-52.65332,"BING"
"TP1-2","TP1","TP","Trou-Poisson","Savannah","BING",5.40902,-53.0933,"BING"
"TP1-3","TP1","TP","Trou-Poisson","Savannah","BING",5.40902,-53.0933,"BING"
"TP1-4","TP1","TP","Trou-Poisson","Savannah","BING",5.40902,-53.0933,"BING"
"TP1-5","TP1","TP","Trou-Poisson","Savannah","BING",5.40902,-53.0933,"BING"
"TP2-1","TP2","TP","Trou-Poisson","Savannah","BING",5.40517,-53.08926,"BING"
"TP2-5","TP2","TP","Trou-Poisson","Savannah","BING",5.40517,-53.08926,"BING"
"WAB1-1","WAB1","WAB","Wayabo","Savannah","BING",5.04294,-52.63362,"BING"
"WAB1-2","WAB1","WAB","Wayabo","Savannah","BING",5.04294,-52.63362,"BING"
"WAB1-3","WAB1","WAB","Wayabo","Savannah","BING",5.04294,-52.63362,"BING"
"WAB1-4","WAB1","WAB","Wayabo","Savannah","BING",5.04294,-52.63362,"BING"
"WAB2-3","WAB2","WAB","Wayabo","Savannah","BING",5.03724,-52.62711,"BING"
"WAB2-4","WAB2","WAB","Wayabo","Savannah","BING",5.03724,-52.62711,"BING"
"WAB2-5","WAB2","WAB","Wayabo","Savannah","BING",5.03724,-52.62711,"BING"
"BUG-001","BUG-001","URB_KOU","Kourou","Garden","KOTIKA",5.174600124,-52.66009903,"BUG"
"BUG-002","BUG-002","URB_KOU","Kourou","Schoolyard","KOTIKA",5.165400028,-52.64390182,"BUG"
"BUG-004","BUG-004","URB_KOU","Kourou","Garden","KOTIKA",5.159599781,-52.64289856,"BUG"
"BUG-005","BUG-005","URB_KOU","Kourou","Garden","KOTIKA",5.160099983,-52.63600159,"BUG"
"BUG-011","BUG-011","URB_KOU","Kourou","Garden","KOTIKA",5.155499935,-52.63880157,"BUG"
"BUG-012","BUG-012","URB_KOU","Kourou","Garden","KOTIKA",5.165699959,-52.64199829,"BUG"
"BUG-015","BUG-015","URB_KOU","Kourou","Garden","KOTIKA",5.162000179,-52.64400101,"BUG"
"BUG-017","BUG-017","URB_KOU","Kourou","Garden","KOTIKA",5.161799908,-52.64239883,"BUG"
"BUG-019","BUG-019","URB_KOU","Kourou","Garden","KOTIKA",5.159699917,-52.63759995,"BUG"
"BUG-024","BUG-024","URB_KOU","Kourou","Garden","KOTIKA",5.175700188,-52.66019821,"BUG"
"BUG-025","BUG-025","URB_KOU","Kourou","Garden","KOTIKA",5.163199902,-52.64110184,"BUG"
"BUG-029","BUG-029","URB_KOU","Kourou","Schoolyard","KOTIKA",5.165400028,-52.64390182,"BUG"
"BUG-035","BUG-035","URB_KOU","Kourou","Garden","KOTIKA",5.161799908,-52.64239883,"BUG"
"BUG-038","BUG-038","URB_KOU","Kourou","Garden","KOTIKA",5.158800125,-52.6371994,"BUG"
"BUG-041","BUG-041","URB_KOU","Kourou","Garden","KOTIKA",5.157599926,-52.63589859,"BUG"
"BUG-046","BUG-046","URB_KOU","Kourou","Schoolyard","KOTIKA",5.165400028,-52.64390182,"BUG"
"BUG-049","BUG-049","URB_KOU","Kourou","Garden","KOTIKA",5.165800095,-52.64659882,"BUG"
"BUG-051","BUG-051","URB_KOU","Kourou","Garden","KOTIKA",5.16050005,-52.63370132,"BUG"
"BUG-057","BUG-057","URB_KOU","Kourou","Garden","KOTIKA",5.165800095,-52.64210129,"BUG"
"BUG-058","BUG-058","URB_KOU","Kourou","Garden","KOTIKA",5.161399841,-52.64139938,"BUG"
"BUG-059","BUG-059","URB_KOU","Kourou","Garden","KOTIKA",5.161900043,-52.65029907,"BUG"
"BUG-061","BUG-061","URB_KOU","Kourou","Schoolyard","KOTIKA",5.165400028,-52.64390182,"BUG"
"BUG-065","BUG-065","URB_KOU","Kourou","Garden","KOTIKA",5.013700008,-52.62590027,"BUG"
"BUG-068","BUG-068","URB_KOU","Kourou","Garden","KOTIKA",5.16590023,-52.64220047,"BUG"
"BUG-070","BUG-070","URB_KOU","Kourou","Garden","KOTIKA",5.160900116,-52.64360046,"BUG"
"BUG-071","BUG-071","URB_KOU","Kourou","Garden","KOTIKA",5.168900013,-52.65439987,"BUG"
"BUG-072","BUG-072","URB_KOU","Kourou","Garden","KOTIKA",5.156199932,-52.63880157,"BUG"
"BUG-074","BUG-074","URB_KOU","Kourou","Schoolyard","KOTIKA",5.165400028,-52.64390182,"BUG"
"BUG-078","BUG-078","URB_KOU","Kourou","Garden","KOTIKA",5.165400028,-52.63949966,"BUG"
"BUG-080","BUG-080","URB_KOU","Kourou","Garden","KOTIKA",5.166100025,-52.64030075,"BUG"
"BUG-088","BUG-088","URB_KOU","Kourou","Garden","KOTIKA",5.169000149,-52.64239883,"BUG"
"BUG-090","BUG-090","URB_KOU","Kourou","Garden","KOTIKA",5.16590023,-52.64049911,"BUG"
"BUG-099","BUG-099","URB_KOU","Kourou","Garden","KOTIKA",5.16050005,-52.63259888,"BUG"
"BUG-100","BUG-100","URB_KOU","Kourou","Garden","KOTIKA",5.166900158,-52.64889908,"BUG"
"BUG-101","BUG-101","URB_KOU","Kourou","Garden","KOTIKA",5.166600227,-52.6413002,"BUG"
"BUG-104","BUG-104","URB_KOU","Kourou","Garden","KOTIKA",5.161300182,-52.64149857,"BUG"
"BUG-1057","BUG-1057","URB_REM","Remire-Montjoly","Garden","KOTIKA",4.88409996,-52.27930069,"BUG"
"BUG-1058","BUG-1058","URB_REM","Remire-Montjoly","Garden","KOTIKA",4.886199951,-52.29840088,"BUG"
"BUG-1062","BUG-1062","URB_REM","Remire-Montjoly","Garden","KOTIKA",4.889900208,-52.27249908,"BUG"
"BUG-1068","BUG-1068","URB_REM","Remire-Montjoly","Garden","KOTIKA",4.895100117,-52.28499985,"BUG"
"BUG-1075","BUG-1075","URB_REM","Remire-Montjoly","Garden","KOTIKA",4.886099815,-52.29669952,"BUG"
"BUG-1078","BUG-1078","URB_REM","Remire-Montjoly","Garden","KOTIKA",4.882900238,-52.27949905,"BUG"
"BUG-112","BUG-112","URB_KOU","Kourou","Garden","KOTIKA",5.166500092,-52.64239883,"BUG"
"BUG-113","BUG-113","URB_KOU","Kourou","Garden","KOTIKA",5.173099995,-52.65029907,"BUG"
"BUG-119","BUG-119","URB_KOU","Kourou","Garden","KOTIKA",5.171999931,-52.65409851,"BUG"
"BUG-124","BUG-124","URB_KOU","Kourou","Garden","KOTIKA",5.15350008,-52.64099884,"BUG"
"BUG-129","BUG-129","URB_KOU","Kourou","Garden","KOTIKA",5.171899796,-52.65399933,"BUG"
"BUG-133","BUG-133","URB_REM","Remire-Montjoly","Garden","KOTIKA",4.905200005,-52.27019882,"BUG"
"BUG-134","BUG-134","URB_KOU","Kourou","Schoolyard","KOTIKA",5.17110014,-52.65859985,"BUG"
"BUG-1354","BUG-1354","URB_CAY","Cayenne","Garden","KOTIKA",4.938849926,-52.29396439,"BUG"
"BUG-1357","BUG-1357","URB_CAY","Cayenne","Garden","KOTIKA",4.923045158,-52.31203079,"BUG"
"BUG-137","BUG-137","URB_KOU","Kourou","Garden","KOTIKA",5.171899796,-52.64450073,"BUG"
"BUG-1378","BUG-1378","URB_MAC","Macouria","Garden","KOTIKA",4.930955887,-52.40407181,"BUG"
"BUG-1382","BUG-1382","URB_MAC","Macouria","Garden","KOTIKA",4.94569397,-52.42618942,"BUG"
"BUG-1384","BUG-1384","URB_MAC","Macouria","Garden","KOTIKA",4.930872917,-52.4033165,"BUG"
"BUG-1396","BUG-1396","URB_MAC","Macouria","Garden","KOTIKA",5.005941868,-52.46495438,"BUG"
"BUG-157","BUG-157","URB_SLM","Saint-Laurent-du-Maroni","Schoolyard","KOTIKA",5.472700119,-54.03129959,"BUG"
"BUG-170","BUG-170","URB_REG","Regina","Garden","KOTIKA",4.31580019,-52.12889862,"BUG"
"BUG-171","BUG-171","URB_REG","Regina","Garden","KOTIKA",4.311299801,-52.13090134,"BUG"
"BUG-176","BUG-176","URB_REG","Regina","Schoolyard","KOTIKA",4.3125,-52.12960052,"BUG"
"BUG-198","BUG-198","URB_KOU","Kourou","Schoolyard","KOTIKA",5.163199902,-52.6432991,"BUG"
"BUG-2010","BUG-2010","URB_LOK","Loka","Urban green space","KOTIKA",3.826650018,-54.19223699,"BUG"
"BUG-2011","BUG-2011","URB_LOK","Loka","Urban green space","KOTIKA",3.824739028,-54.19206399,"BUG"
"BUG-2012","BUG-2012","URB_LOK","Loka","Urban green space","KOTIKA",3.824695023,-54.19280302,"BUG"
"BUG-2013","BUG-2013","URB_LOK","Loka","Urban green space","KOTIKA",3.824645989,-54.19328699,"BUG"
"BUG-2014","BUG-2014","URB_LOK","Loka","Urban green space","KOTIKA",3.821391966,-54.19206399,"BUG"
"BUG-2016","BUG-2016","URB_LOK","Loka","Urban green space","KOTIKA",3.828880023,-54.19190699,"BUG"
"BUG-2017","BUG-2017","URB_BON","Boniville","Urban green space","KOTIKA",3.833839009,-54.18873402,"BUG"
"BUG-2018","BUG-2018","URB_BON","Boniville","Urban green space","KOTIKA",3.836084018,-54.18790103,"BUG"
"BUG-2019","BUG-2019","URB_BON","Boniville","Urban green space","KOTIKA",3.835813031,-54.188328,"BUG"
"BUG-202","BUG-202","URB_REG","Regina","Garden","KOTIKA",4.31430006,-52.12919998,"BUG"
"BUG-2021","BUG-2021","URB_PAP","Papaichton","Urban green space","KOTIKA",3.806278976,-54.15151301,"BUG"
"BUG-2022","BUG-2022","URB_PAP","Papaichton","Urban green space","KOTIKA",3.807233004,-54.14921997,"BUG"
"BUG-2023","BUG-2023","URB_PAP","Papaichton","Urban green space","KOTIKA",3.807079028,-54.14959196,"BUG"
"BUG-2024","BUG-2024","URB_PAP","Papaichton","Urban green space","KOTIKA",3.808875019,-54.14845797,"BUG"
"BUG-2025","BUG-2025","URB_PAP","Papaichton","Urban green space","KOTIKA",3.808787009,-54.14845797,"BUG"
"BUG-2026","BUG-2026","URB_PAP","Papaichton","Urban green space","KOTIKA",3.808611995,-54.14970797,"BUG"
"BUG-2027","BUG-2027","URB_PAP","Papaichton","Urban green space","KOTIKA",3.808692964,-54.15031096,"BUG"
"BUG-2029","BUG-2029","URB_PAP","Papaichton","Urban green space","KOTIKA",3.807233004,-54.15138099,"BUG"
"BUG-2030","BUG-2030","URB_TAL","Taluen","Urban green space","KOTIKA",3.386540003,-54.04395701,"BUG"
"BUG-2031","BUG-2031","URB_TAL","Taluen","Urban green space","KOTIKA",3.384748036,-54.04375602,"BUG"
"BUG-2032","BUG-2032","URB_TAL","Taluen","Urban green space","KOTIKA",3.383988971,-54.04397503,"BUG"
"BUG-2033","BUG-2033","URB_TAL","Taluen","Urban green space","KOTIKA",3.381494014,-54.05095004,"BUG"
"BUG-2034","BUG-2034","URB_TAL","Taluen","Urban green space","KOTIKA",3.381616976,-54.05133803,"BUG"
"BUG-2035","BUG-2035","URB_TAL","Taluen","Urban green space","KOTIKA",3.381182961,-54.04975302,"BUG"
"BUG-2036","BUG-2036","URB_TAL","Taluen","Urban green space","KOTIKA",3.380986992,-54.04916997,"BUG"
"BUG-2037","BUG-2037","URB_TAL","Taluen","Urban green space","KOTIKA",3.382723974,-54.04952997,"BUG"
"BUG-2038","BUG-2038","URB_TAL","Taluen","Urban green space","KOTIKA",3.382692039,-54.04926301,"BUG"
"BUG-2039","BUG-2039","URB_TAL","Taluen","Urban green space","KOTIKA",3.381786039,-54.049808,"BUG"
"BUG-204","BUG-204","URB_REG","Regina","Garden","KOTIKA",4.325300217,-52.15309906,"BUG"
"BUG-2040","BUG-2040","URB_ANT","Antecume Pata","Urban green space","KOTIKA",3.29778797,-54.06969398,"BUG"
"BUG-2041","BUG-2041","URB_ANT","Antecume Pata","Urban green space","KOTIKA",3.298071027,-54.07035397,"BUG"
"BUG-2042","BUG-2042","URB_ANT","Antecume Pata","Urban green space","KOTIKA",3.297214983,-54.07109301,"BUG"
"BUG-2043","BUG-2043","URB_ANT","Antecume Pata","Urban green space","KOTIKA",3.297442971,-54.07128797,"BUG"
"BUG-2044","BUG-2044","URB_ANT","Antecume Pata","Urban green space","KOTIKA",3.297314979,-54.07072697,"BUG"
"BUG-2045","BUG-2045","URB_ANT","Antecume Pata","Urban green space","KOTIKA",3.297101995,-54.07050904,"BUG"
"BUG-2046","BUG-2046","URB_ANT","Antecume Pata","Urban green space","KOTIKA",3.296578964,-54.07259303,"BUG"
"BUG-2047","BUG-2047","URB_ANT","Antecume Pata","Urban green space","KOTIKA",3.296408979,-54.073623,"BUG"
"BUG-2048","BUG-2048","URB_ANT","Antecume Pata","Urban green space","KOTIKA",3.296334967,-54.07156499,"BUG"
"BUG-2049","BUG-2049","URB_ANT","Antecume Pata","Urban green space","KOTIKA",3.296856992,-54.07182399,"BUG"
"BUG-2050","BUG-2050","URB_MAR","Maripasoula","Urban green space","KOTIKA",3.656243999,-54.03618297,"BUG"
"BUG-2051","BUG-2051","URB_MAR","Maripasoula","Urban green space","KOTIKA",3.640382001,-54.02846801,"BUG"
"BUG-2052","BUG-2052","URB_MAR","Maripasoula","Urban green space","KOTIKA",3.643799974,-54.03120998,"BUG"
"BUG-2053","BUG-2053","URB_MAR","Maripasoula","Urban green space","KOTIKA",3.63977599,-54.03006703,"BUG"
"BUG-2054","BUG-2054","URB_MAR","Maripasoula","Urban green space","KOTIKA",3.642602032,-54.02843901,"BUG"
"BUG-2056","BUG-2056","URB_MAR","Maripasoula","Urban green space","KOTIKA",3.641597042,-54.03483197,"BUG"
"BUG-2058","BUG-2058","URB_MAR","Maripasoula","Urban green space","KOTIKA",3.644335996,-54.03477598,"BUG"
"BUG-2059","BUG-2059","URB_MAR","Maripasoula","Urban green space","KOTIKA",3.640946,-54.028061,"BUG"
"BUG-206","BUG-206","URB_REG","Regina","Garden","KOTIKA",4.304200172,-52.15309906,"BUG"
"BUG-2060","BUG-2060","URB_ROU","Roura","Garden","KOTIKA",NA,NA,"BUG"
"BUG-2061","BUG-2061","URB_ROU","Roura","Garden","KOTIKA",4.717945099,-52.27912903,"BUG"
"BUG-2062","BUG-2062","URB_MAT","Matoury","Garden","KOTIKA",4.821205139,-52.34392548,"BUG"
"BUG-2063","BUG-2063","URB_ROU","Roura","Garden","KOTIKA",NA,NA,"BUG"
"BUG-2069","BUG-2069","URB_ROU","Roura","Garden","KOTIKA",4.743580818,-52.32673264,"BUG"
"BUG-2070","BUG-2070","URB_ROU","Roura","Garden","KOTIKA",4.730533123,-52.32701111,"BUG"
"BUG-2074","BUG-2074","URB_ROU","Roura","Garden","KOTIKA",4.672403812,-52.45726776,"BUG"
"BUG-2075","BUG-2075","URB_ROU","Roura","Garden","KOTIKA",4.93120718,-52.32235336,"BUG"
"BUG-210","BUG-210","URB_REG","Regina","Garden","KOTIKA",4.31580019,-52.12919998,"BUG"
"BUG-222","BUG-222","URB_REG","Regina","Garden","KOTIKA",4.278900146,-52.1867981,"BUG"
"BUG-225","BUG-225","URB_REG","Regina","Garden","KOTIKA",4.302599907,-52.14170074,"BUG"
"BUG-233","BUG-233","URB_REG","Regina","Garden","KOTIKA",4.315199852,-52.13019943,"BUG"
"BUG-238","BUG-238","URB_SLM","Saint-Laurent-du-Maroni","Garden","KOTIKA",5.475599766,-54.02069855,"BUG"
"BUG-239","BUG-239","URB_SLM","Saint-Laurent-du-Maroni","Garden","KOTIKA",5.48939991,-54.01760101,"BUG"
"BUG-247","BUG-247","URB_SLM","Saint-Laurent-du-Maroni","Garden","KOTIKA",5.489299774,-54.01739883,"BUG"
"BUG-250","BUG-250","URB_SLM","Saint-Laurent-du-Maroni","Garden","KOTIKA",5.489699841,-54.01810074,"BUG"
"BUG-254","BUG-254","URB_KOU","Kourou","Garden","KOTIKA",5.158100128,-52.63579941,"BUG"
"BUG-255","BUG-255","URB_KOU","Kourou","Garden","KOTIKA",5.175700188,-52.65100098,"BUG"
"BUG-256","BUG-256","URB_MAC","Macouria","Garden","KOTIKA",5.049600124,-52.56269836,"BUG"
"BUG-263","BUG-263","URB_SLM","Saint-Laurent-du-Maroni","Garden","KOTIKA",5.500299931,-53.97060013,"BUG"
"BUG-264","BUG-264","URB_SLM","Saint-Laurent-du-Maroni","Garden","KOTIKA",5.481999874,-54.01229858,"BUG"
"BUG-265","BUG-265","URB_SLM","Saint-Laurent-du-Maroni","Schoolyard","KOTIKA",5.484200001,-54.01699829,"BUG"
"BUG-266","BUG-266","URB_MAT","Matoury","Garden","KOTIKA",4.886600018,-52.34469986,"BUG"
"BUG-269","BUG-269","URB_MAT","Matoury","Garden","KOTIKA",4.887499809,-52.3431015,"BUG"
"BUG-281","BUG-281","URB_MAT","Matoury","Garden","KOTIKA",4.885499954,-52.33890152,"BUG"
"BUG-284","BUG-284","URB_MAT","Matoury","Garden","KOTIKA",4.883699894,-52.3586998,"BUG"
"BUG-286","BUG-286","URB_MAT","Matoury","Garden","KOTIKA",4.923699856,-52.27939987,"BUG"
"BUG-291","BUG-291","URB_KOU","Kourou","Garden","KOTIKA",5.167399883,-52.65119934,"BUG"
"BUG-292","BUG-292","URB_KOU","Kourou","Garden","KOTIKA",5.168300152,-52.64250183,"BUG"
"BUG-293","BUG-293","URB_KOU","Kourou","Garden","KOTIKA",5.164899826,-52.65240097,"BUG"
"BUG-294","BUG-294","URB_KOU","Kourou","Garden","KOTIKA",5.1729002,-52.64530182,"BUG"
"BUG-295","BUG-295","URB_KOU","Kourou","Garden","KOTIKA",5.16079998,-52.64289856,"BUG"
"BUG-297","BUG-297","URB_KOU","Kourou","Garden","KOTIKA",5.155399799,-52.63750076,"BUG"
"BUG-317","BUG-317","URB_ISJ","Ile Saint Joseph","Garden","KOTIKA",5.282899857,-52.58349991,"BUG"
"BUG-319","BUG-319","URB_ISJ","Ile Saint Joseph","Garden","KOTIKA",5.279799938,-52.58340073,"BUG"
"BUG-320","BUG-320","URB_ISJ","Ile Saint Joseph","Garden","KOTIKA",5.279200077,-52.58340073,"BUG"
"BUG-322","BUG-322","URB_KOU","Kourou","Garden","KOTIKA",5.168000221,-52.65209961,"BUG"
"BUG-341","BUG-341","URB_CAM","Camopi","Garden","KOTIKA",3.166338,-52.334608,"BUG"
"BUG-342","BUG-342","URB_CAM","Camopi","Garden","KOTIKA",3.166638,-52.334835,"BUG"
"BUG-343","BUG-343","URB_CAM","Camopi","Garden","KOTIKA",3.166812,-52.334185,"BUG"
"BUG-349","BUG-349","URB_CAM","Camopi","Schoolyard","KOTIKA",3.166494,-52.335349,"BUG"
"BUG-352","BUG-352","URB_CAM","Camopi","Garden","KOTIKA",3.161299944,-52.33390045,"BUG"
"BUG-468","BUG-468","URB_ROU","Roura","Schoolyard","KOTIKA",4.73210001,-52.32189941,"BUG"
"BUG-493","BUG-493","URB_MAN","Mana","Schoolyard","KOTIKA",5.671599865,-53.77690125,"BUG"
"BUG-495","BUG-495","URB_MAN","Mana","Garden","KOTIKA",5.636499882,-53.87549973,"BUG"
"BUG-499","BUG-499","URB_MAN","Mana","Garden","KOTIKA",5.622300148,-53.625,"BUG"
"BUG-501","BUG-501","URB_MAN","Mana","Garden","KOTIKA",5.629899979,-53.87630081,"BUG"
"BUG-502","BUG-502","URB_MAN","Mana","Garden","KOTIKA",5.647099972,-53.86859894,"BUG"
"BUG-505","BUG-505","URB_MAN","Mana","Garden","KOTIKA",5.577899933,-53.89479828,"BUG"
"BUG-510","BUG-510","URB_MAN","Mana","Garden","KOTIKA",5.669300079,-53.77759933,"BUG"
"BUG-512","BUG-512","URB_MAN","Mana","Garden","KOTIKA",5.666699886,-53.76670074,"BUG"
"BUG-518","BUG-518","URB_MAN","Mana","Garden","KOTIKA",5.615799904,-53.69929886,"BUG"
"BUG-551","BUG-551","URB_IRA","Iracoubo","Urban green space","KOTIKA",5.475734573,-53.21289088,"BUG"
"BUG-553","BUG-553","URB_IRA","Iracoubo","Urban green space","KOTIKA",5.477138031,-53.21022302,"BUG"
"BUG-560","BUG-560","URB_IRA","Iracoubo","Urban green space","KOTIKA",5.480753984,-53.20814598,"BUG"
"BUG-564","BUG-564","URB_IRA","Iracoubo","Urban green space","KOTIKA",5.478675021,-53.21074798,"BUG"
"BUG-566","BUG-566","URB_IRA","Iracoubo","Urban green space","KOTIKA",5.478128018,-53.20556796,"BUG"
"BUG-567","BUG-567","URB_IRA","Iracoubo","Urban green space","KOTIKA",5.47972301,-53.20531701,"BUG"
"BUG-568","BUG-568","URB_IRA","Iracoubo","Urban green space","KOTIKA",5.480205975,-53.20309698,"BUG"
"BUG-570","BUG-570","URB_SIN","Sinnamary","Urban green space","KOTIKA",5.382574992,-52.95348398,"BUG"
"BUG-572","BUG-572","URB_SIN","Sinnamary","Urban green space","KOTIKA",5.383071033,-52.95646601,"BUG"
"BUG-574","BUG-574","URB_SIN","Sinnamary","Urban green space","KOTIKA",5.380932977,-52.959857,"BUG"
"BUG-577","BUG-577","URB_SIN","Sinnamary","Urban green space","KOTIKA",5.379049983,-52.95341098,"BUG"
"BUG-578","BUG-578","URB_SIN","Sinnamary","Urban green space","KOTIKA",5.376547985,-52.954379,"BUG"
"BUG-581","BUG-581","URB_SIN","Sinnamary","Urban green space","KOTIKA",5.37891604,-52.95801499,"BUG"
"BUG-585","BUG-585","URB_SIN","Sinnamary","Urban green space","KOTIKA",5.37379696,-52.95169998,"BUG"
"BUG-588","BUG-588","URB_SIN","Sinnamary","Urban green space","KOTIKA",5.372196017,-52.95615999,"BUG"
"BUG-589","BUG-589","URB_SIN","Sinnamary","Urban green space","KOTIKA",5.369557,-52.963386,"BUG"
"BUG-590","BUG-590","URB_SIN","Sinnamary","Urban green space","KOTIKA",5.374818966,-52.95844398,"BUG"
"BUG-592","BUG-592","URB_MAT","Matoury","Urban green space","KOTIKA",4.823788963,-52.36427701,"BUG"
"BUG-594","BUG-594","URB_REM","Remire-Montjoly","Urban green space","KOTIKA",4.855341967,-52.27471403,"BUG"
"BUG-596","BUG-596","URB_REM","Remire-Montjoly","Urban green space","KOTIKA",4.905357035,-52.27661999,"BUG"
"BUG-598","BUG-598","URB_REM","Remire-Montjoly","Urban green space","KOTIKA",4.912496991,-52.27038796,"BUG"
"BUG-599","BUG-599","URB_CAY","Cayenne","Urban green space","KOTIKA",4.932842972,-52.30187902,"BUG"
"BUG-600","BUG-600","URB_CAY","Cayenne","Urban green space","KOTIKA",4.943905994,-52.33202697,"BUG"
"BUG-602","BUG-602","URB_CAY","Cayenne","Urban green space","KOTIKA",4.939320004,-52.33328903,"BUG"
"BUG-605","BUG-605","URB_CAY","Cayenne","Urban green space","KOTIKA",4.937659968,-52.33687699,"BUG"
"BUG-606","BUG-606","URB_CAY","Cayenne","Urban green space","KOTIKA",4.933971767,-52.33013335,"BUG"
"BUG-607","BUG-607","URB_CAY","Cayenne","Urban green space","KOTIKA",4.939615969,-52.32564901,"BUG"
"BUG-608","BUG-608","URB_CAY","Cayenne","Urban green space","KOTIKA",4.940174222,-52.32059909,"BUG"
"BUG-609","BUG-609","URB_CAY","Cayenne","Urban green space","KOTIKA",4.94407204,-52.32286002,"BUG"
"GRS1-01","GRS1","GRS","Gros Saut","Seasonally Flooded Forest","KOTIKA",4.177203001,-54.00243499,"BUG"
"GRS1-02","GRS1","GRS","Gros Saut","Seasonally Flooded Forest","KOTIKA",4.177203001,-54.00243499,"BUG"
"GRS1-03","GRS1","GRS","Gros Saut","Seasonally Flooded Forest","KOTIKA",4.177203001,-54.00243499,"BUG"
"GRS1-04","GRS1","GRS","Gros Saut","Seasonally Flooded Forest","KOTIKA",4.177203001,-54.00243499,"BUG"
"GRS1-05","GRS1","GRS","Gros Saut","Seasonally Flooded Forest","KOTIKA",4.177203001,-54.00243499,"BUG"
"GRS1-06","GRS1","GRS","Gros Saut","Seasonally Flooded Forest","KOTIKA",4.177203001,-54.00243499,"BUG"
"GRS1-07","GRS1","GRS","Gros Saut","Seasonally Flooded Forest","KOTIKA",4.177203001,-54.00243499,"BUG"
"GRS1-08","GRS1","GRS","Gros Saut","Seasonally Flooded Forest","KOTIKA",4.177203001,-54.00243499,"BUG"
"GRS1-09","GRS1","GRS","Gros Saut","Seasonally Flooded Forest","KOTIKA",4.177203001,-54.00243499,"BUG"
"GRS1-10","GRS1","GRS","Gros Saut","Seasonally Flooded Forest","KOTIKA",4.177203001,-54.00243499,"BUG"
"GRS1-11","GRS1","GRS","Gros Saut","Seasonally Flooded Forest","KOTIKA",4.177203001,-54.00243499,"BUG"
"GRS1-12","GRS1","GRS","Gros Saut","Seasonally Flooded Forest","KOTIKA",4.177203001,-54.00243499,"BUG"
"GRS1-13","GRS1","GRS","Gros Saut","Seasonally Flooded Forest","KOTIKA",4.177203001,-54.00243499,"BUG"
"GRS1-14","GRS1","GRS","Gros Saut","Seasonally Flooded Forest","KOTIKA",4.177203001,-54.00243499,"BUG"
"GRS1-15","GRS1","GRS","Gros Saut","Seasonally Flooded Forest","KOTIKA",4.177203001,-54.00243499,"BUG"
"GRS1-16","GRS1","GRS","Gros Saut","Seasonally Flooded Forest","KOTIKA",4.177203001,-54.00243499,"BUG"
"GRS2-01","GRS2","GRS","Gros Saut","Terra Firme","KOTIKA",4.169684015,-54.00025201,"BUG"
"GRS2-03","GRS2","GRS","Gros Saut","Terra Firme","KOTIKA",4.169684015,-54.00025201,"BUG"
"GRS2-04","GRS2","GRS","Gros Saut","Terra Firme","KOTIKA",4.169684015,-54.00025201,"BUG"
"GRS2-05","GRS2","GRS","Gros Saut","Terra Firme","KOTIKA",4.169684015,-54.00025201,"BUG"
"GRS2-06","GRS2","GRS","Gros Saut","Terra Firme","KOTIKA",4.169684015,-54.00025201,"BUG"
"GRS2-07","GRS2","GRS","Gros Saut","Terra Firme","KOTIKA",4.169684015,-54.00025201,"BUG"
"GRS2-08","GRS2","GRS","Gros Saut","Terra Firme","KOTIKA",4.169684015,-54.00025201,"BUG"
"GRS2-09","GRS2","GRS","Gros Saut","Terra Firme","KOTIKA",4.169684015,-54.00025201,"BUG"
"GRS2-12","GRS2","GRS","Gros Saut","Terra Firme","KOTIKA",4.169684015,-54.00025201,"BUG"
"GRS2-13","GRS2","GRS","Gros Saut","Terra Firme","KOTIKA",4.169684015,-54.00025201,"BUG"
"GRS2-14","GRS2","GRS","Gros Saut","Terra Firme","KOTIKA",4.169684015,-54.00025201,"BUG"
"GRS2-15","GRS2","GRS","Gros Saut","Terra Firme","KOTIKA",4.169684015,-54.00025201,"BUG"
"GRS2-16","GRS2","GRS","Gros Saut","Terra Firme","KOTIKA",4.169684015,-54.00025201,"BUG"
"GRS3-01","GRS3","GRS","Gros Saut","Seasonally Flooded Forest","KOTIKA",4.163186029,-53.98172004,"BUG"
"GRS3-02","GRS3","GRS","Gros Saut","Seasonally Flooded Forest","KOTIKA",4.163186029,-53.98172004,"BUG"
"GRS3-03","GRS3","GRS","Gros Saut","Seasonally Flooded Forest","KOTIKA",4.163186029,-53.98172004,"BUG"
"GRS3-05","GRS3","GRS","Gros Saut","Seasonally Flooded Forest","KOTIKA",4.163186029,-53.98172004,"BUG"
"GRS3-06","GRS3","GRS","Gros Saut","Seasonally Flooded Forest","KOTIKA",4.163186029,-53.98172004,"BUG"
"GRS3-07","GRS3","GRS","Gros Saut","Seasonally Flooded Forest","KOTIKA",4.163186029,-53.98172004,"BUG"
"GRS3-08","GRS3","GRS","Gros Saut","Seasonally Flooded Forest","KOTIKA",4.163186029,-53.98172004,"BUG"
"GRS3-09","GRS3","GRS","Gros Saut","Seasonally Flooded Forest","KOTIKA",4.163186029,-53.98172004,"BUG"
"GRS3-10","GRS3","GRS","Gros Saut","Seasonally Flooded Forest","KOTIKA",4.163186029,-53.98172004,"BUG"
"GRS3-11","GRS3","GRS","Gros Saut","Seasonally Flooded Forest","KOTIKA",4.163186029,-53.98172004,"BUG"
"GRS3-12","GRS3","GRS","Gros Saut","Seasonally Flooded Forest","KOTIKA",4.163186029,-53.98172004,"BUG"
"GRS3-14","GRS3","GRS","Gros Saut","Seasonally Flooded Forest","KOTIKA",4.163186029,-53.98172004,"BUG"
"GRS3-15","GRS3","GRS","Gros Saut","Seasonally Flooded Forest","KOTIKA",4.163186029,-53.98172004,"BUG"
"GRS3-16","GRS3","GRS","Gros Saut","Seasonally Flooded Forest","KOTIKA",4.163186029,-53.98172004,"BUG"
"GRS4-01","GRS4","GRS","Gros Saut","Terra Firme","KOTIKA",4.164016005,-53.99416298,"BUG"
"GRS4-02","GRS4","GRS","Gros Saut","Terra Firme","KOTIKA",4.164016005,-53.99416298,"BUG"
"GRS4-03","GRS4","GRS","Gros Saut","Terra Firme","KOTIKA",4.164016005,-53.99416298,"BUG"
"GRS4-04","GRS4","GRS","Gros Saut","Terra Firme","KOTIKA",4.164016005,-53.99416298,"BUG"
"GRS4-05","GRS4","GRS","Gros Saut","Terra Firme","KOTIKA",4.164016005,-53.99416298,"BUG"
"GRS4-06","GRS4","GRS","Gros Saut","Terra Firme","KOTIKA",4.164016005,-53.99416298,"BUG"
"GRS4-07","GRS4","GRS","Gros Saut","Terra Firme","KOTIKA",4.164016005,-53.99416298,"BUG"
"GRS4-08","GRS4","GRS","Gros Saut","Terra Firme","KOTIKA",4.164016005,-53.99416298,"BUG"
"GRS4-09","GRS4","GRS","Gros Saut","Terra Firme","KOTIKA",4.164016005,-53.99416298,"BUG"
"GRS4-10","GRS4","GRS","Gros Saut","Terra Firme","KOTIKA",4.164016005,-53.99416298,"BUG"
"GRS4-11","GRS4","GRS","Gros Saut","Terra Firme","KOTIKA",4.164016005,-53.99416298,"BUG"
"GRS4-12","GRS4","GRS","Gros Saut","Terra Firme","KOTIKA",4.164016005,-53.99416298,"BUG"
"GRS4-13","GRS4","GRS","Gros Saut","Terra Firme","KOTIKA",4.164016005,-53.99416298,"BUG"
"GRS4-14","GRS4","GRS","Gros Saut","Terra Firme","KOTIKA",4.164016005,-53.99416298,"BUG"
"GRS4-15","GRS4","GRS","Gros Saut","Terra Firme","KOTIKA",4.164016005,-53.99416298,"BUG"
"GRS4-16","GRS4","GRS","Gros Saut","Terra Firme","KOTIKA",4.164016005,-53.99416298,"BUG"
"GRS5-01","GRS5","GRS","Gros Saut","Seasonally Flooded Forest","KOTIKA",4.162202999,-54.00401599,"BUG"
"GRS5-02","GRS5","GRS","Gros Saut","Seasonally Flooded Forest","KOTIKA",4.162202999,-54.00401599,"BUG"
"GRS5-03","GRS5","GRS","Gros Saut","Seasonally Flooded Forest","KOTIKA",4.162202999,-54.00401599,"BUG"
"GRS5-04","GRS5","GRS","Gros Saut","Seasonally Flooded Forest","KOTIKA",4.162202999,-54.00401599,"BUG"
"GRS5-05","GRS5","GRS","Gros Saut","Seasonally Flooded Forest","KOTIKA",4.162202999,-54.00401599,"BUG"
"GRS5-06","GRS5","GRS","Gros Saut","Seasonally Flooded Forest","KOTIKA",4.162202999,-54.00401599,"BUG"
"GRS5-07","GRS5","GRS","Gros Saut","Seasonally Flooded Forest","KOTIKA",4.162202999,-54.00401599,"BUG"
"GRS5-08","GRS5","GRS","Gros Saut","Seasonally Flooded Forest","KOTIKA",4.162202999,-54.00401599,"BUG"
"GRS5-09","GRS5","GRS","Gros Saut","Seasonally Flooded Forest","KOTIKA",4.162202999,-54.00401599,"BUG"
"GRS5-10","GRS5","GRS","Gros Saut","Seasonally Flooded Forest","KOTIKA",4.162202999,-54.00401599,"BUG"
"GRS5-11","GRS5","GRS","Gros Saut","Seasonally Flooded Forest","KOTIKA",4.162202999,-54.00401599,"BUG"
"GRS5-12","GRS5","GRS","Gros Saut","Seasonally Flooded Forest","KOTIKA",4.162202999,-54.00401599,"BUG"
"GRS5-13","GRS5","GRS","Gros Saut","Seasonally Flooded Forest","KOTIKA",4.162202999,-54.00401599,"BUG"
"GRS5-14","GRS5","GRS","Gros Saut","Seasonally Flooded Forest","KOTIKA",4.162202999,-54.00401599,"BUG"
"GRS5-15","GRS5","GRS","Gros Saut","Seasonally Flooded Forest","KOTIKA",4.162202999,-54.00401599,"BUG"
"GRS5-16","GRS5","GRS","Gros Saut","Seasonally Flooded Forest","KOTIKA",4.162202999,-54.00401599,"BUG"
"GRS6-01","GRS6","GRS","Gros Saut","Terra Firme","KOTIKA",4.157904005,-54.00878898,"BUG"
"GRS6-02","GRS6","GRS","Gros Saut","Terra Firme","KOTIKA",4.157904005,-54.00878898,"BUG"
"GRS6-03","GRS6","GRS","Gros Saut","Terra Firme","KOTIKA",4.157904005,-54.00878898,"BUG"
"GRS6-04","GRS6","GRS","Gros Saut","Terra Firme","KOTIKA",4.157904005,-54.00878898,"BUG"
"GRS6-05","GRS6","GRS","Gros Saut","Terra Firme","KOTIKA",4.157904005,-54.00878898,"BUG"
"GRS6-06","GRS6","GRS","Gros Saut","Terra Firme","KOTIKA",4.157904005,-54.00878898,"BUG"
"GRS6-07","GRS6","GRS","Gros Saut","Terra Firme","KOTIKA",4.157904005,-54.00878898,"BUG"
"GRS6-08","GRS6","GRS","Gros Saut","Terra Firme","KOTIKA",4.157904005,-54.00878898,"BUG"
"GRS6-09","GRS6","GRS","Gros Saut","Terra Firme","KOTIKA",4.157904005,-54.00878898,"BUG"
"GRS6-10","GRS6","GRS","Gros Saut","Terra Firme","KOTIKA",4.157904005,-54.00878898,"BUG"
"GRS6-11","GRS6","GRS","Gros Saut","Terra Firme","KOTIKA",4.157904005,-54.00878898,"BUG"
"GRS6-12","GRS6","GRS","Gros Saut","Terra Firme","KOTIKA",4.157904005,-54.00878898,"BUG"
"GRS6-13","GRS6","GRS","Gros Saut","Terra Firme","KOTIKA",4.157904005,-54.00878898,"BUG"
"GRS6-14","GRS6","GRS","Gros Saut","Terra Firme","KOTIKA",4.157904005,-54.00878898,"BUG"
"GRS6-15","GRS6","GRS","Gros Saut","Terra Firme","KOTIKA",4.157904005,-54.00878898,"BUG"
"GRS6-16","GRS6","GRS","Gros Saut","Terra Firme","KOTIKA",4.157904005,-54.00878898,"BUG"
"GRS7-01","GRS7","GRS","Gros Saut","Seasonally Flooded Forest","KOTIKA",4.163969988,-54.01548604,"BUG"
"GRS7-02","GRS7","GRS","Gros Saut","Seasonally Flooded Forest","KOTIKA",4.163969988,-54.01548604,"BUG"
"GRS7-03","GRS7","GRS","Gros Saut","Seasonally Flooded Forest","KOTIKA",4.163969988,-54.01548604,"BUG"
"GRS7-04","GRS7","GRS","Gros Saut","Seasonally Flooded Forest","KOTIKA",4.163969988,-54.01548604,"BUG"
"GRS7-05","GRS7","GRS","Gros Saut","Seasonally Flooded Forest","KOTIKA",4.163969988,-54.01548604,"BUG"
"GRS7-06","GRS7","GRS","Gros Saut","Seasonally Flooded Forest","KOTIKA",4.163969988,-54.01548604,"BUG"
"GRS7-07","GRS7","GRS","Gros Saut","Seasonally Flooded Forest","KOTIKA",4.163969988,-54.01548604,"BUG"
"GRS7-08","GRS7","GRS","Gros Saut","Seasonally Flooded Forest","KOTIKA",4.163969988,-54.01548604,"BUG"
"GRS7-09","GRS7","GRS","Gros Saut","Seasonally Flooded Forest","KOTIKA",4.163969988,-54.01548604,"BUG"
"GRS7-10","GRS7","GRS","Gros Saut","Seasonally Flooded Forest","KOTIKA",4.163969988,-54.01548604,"BUG"
"GRS7-11","GRS7","GRS","Gros Saut","Seasonally Flooded Forest","KOTIKA",4.163969988,-54.01548604,"BUG"
"GRS7-12","GRS7","GRS","Gros Saut","Seasonally Flooded Forest","KOTIKA",4.163969988,-54.01548604,"BUG"
"GRS7-13","GRS7","GRS","Gros Saut","Seasonally Flooded Forest","KOTIKA",4.163969988,-54.01548604,"BUG"
"GRS7-14","GRS7","GRS","Gros Saut","Seasonally Flooded Forest","KOTIKA",4.163969988,-54.01548604,"BUG"
"GRS7-15","GRS7","GRS","Gros Saut","Seasonally Flooded Forest","KOTIKA",4.163969988,-54.01548604,"BUG"
"GRS7-16","GRS7","GRS","Gros Saut","Seasonally Flooded Forest","KOTIKA",4.163969988,-54.01548604,"BUG"
"GRS8-01","GRS8","GRS","Gros Saut","Terra Firme","KOTIKA",4.163965965,-54.00883701,"BUG"
"GRS8-02","GRS8","GRS","Gros Saut","Terra Firme","KOTIKA",4.163965965,-54.00883701,"BUG"
"GRS8-03","GRS8","GRS","Gros Saut","Terra Firme","KOTIKA",4.163965965,-54.00883701,"BUG"
"GRS8-04","GRS8","GRS","Gros Saut","Terra Firme","KOTIKA",4.163965965,-54.00883701,"BUG"
"GRS8-05","GRS8","GRS","Gros Saut","Terra Firme","KOTIKA",4.163965965,-54.00883701,"BUG"
"GRS8-06","GRS8","GRS","Gros Saut","Terra Firme","KOTIKA",4.163965965,-54.00883701,"BUG"
"GRS8-07","GRS8","GRS","Gros Saut","Terra Firme","KOTIKA",4.163965965,-54.00883701,"BUG"
"GRS8-08","GRS8","GRS","Gros Saut","Terra Firme","KOTIKA",4.163965965,-54.00883701,"BUG"
"GRS8-09","GRS8","GRS","Gros Saut","Terra Firme","KOTIKA",4.163965965,-54.00883701,"BUG"
"GRS8-10","GRS8","GRS","Gros Saut","Terra Firme","KOTIKA",4.163965965,-54.00883701,"BUG"
"GRS8-13","GRS8","GRS","Gros Saut","Terra Firme","KOTIKA",4.163965965,-54.00883701,"BUG"
"GRS8-14","GRS8","GRS","Gros Saut","Terra Firme","KOTIKA",4.163965965,-54.00883701,"BUG"
"GRS8-16","GRS8","GRS","Gros Saut","Terra Firme","KOTIKA",4.163965965,-54.00883701,"BUG"
"KOT1-2","KOT1","KOT","Montagne Kotika","Cloud Forest","KOTIKA",3.942947,-54.184046,"BUG"
"KOT1-3","KOT1","KOT","Montagne Kotika","Cloud Forest","KOTIKA",3.942947,-54.184046,"BUG"
"KOT1-4","KOT1","KOT","Montagne Kotika","Cloud Forest","KOTIKA",3.942947,-54.184046,"BUG"
"KOT1-5","KOT1","KOT","Montagne Kotika","Cloud Forest","KOTIKA",3.942947,-54.184046,"BUG"
"KOT1-6","KOT1","KOT","Montagne Kotika","Cloud Forest","KOTIKA",3.942947,-54.184046,"BUG"
"KOT1-7","KOT1","KOT","Montagne Kotika","Cloud Forest","KOTIKA",3.942947,-54.184046,"BUG"
"KOT10-1","KOT10","KOT","Montagne Kotika","Swamp","KOTIKA",3.95488098,-54.183623,"BUG"
"KOT10-3","KOT10","KOT","Montagne Kotika","Swamp","KOTIKA",3.95488098,-54.183623,"BUG"
"KOT10-4","KOT10","KOT","Montagne Kotika","Swamp","KOTIKA",3.95488098,-54.183623,"BUG"
"KOT10-5","KOT10","KOT","Montagne Kotika","Swamp","KOTIKA",3.95488098,-54.183623,"BUG"
"KOT10-6","KOT10","KOT","Montagne Kotika","Swamp","KOTIKA",3.95488098,-54.183623,"BUG"
"KOT10-7","KOT10","KOT","Montagne Kotika","Swamp","KOTIKA",3.95488098,-54.183623,"BUG"
"KOT10-8","KOT10","KOT","Montagne Kotika","Swamp","KOTIKA",3.95488098,-54.183623,"BUG"
"KOT2-1","KOT2","KOT","Montagne Kotika","Cloud Forest","KOTIKA",3.93937597,-54.185562,"BUG"
"KOT3-4","KOT3","KOT","Montagne Kotika","Cloud Forest","KOTIKA",3.93311301,-54.186308,"BUG"
"KOT5-3","KOT5","KOT","Montagne Kotika","Terra Firme","KOTIKA",3.93137201,-54.193714,"BUG"
"KOT5-4","KOT5","KOT","Montagne Kotika","Terra Firme","KOTIKA",3.93137201,-54.193714,"BUG"
"KOT5-5","KOT5","KOT","Montagne Kotika","Terra Firme","KOTIKA",3.93137201,-54.193714,"BUG"
"KOT5-6","KOT5","KOT","Montagne Kotika","Terra Firme","KOTIKA",3.93137201,-54.193714,"BUG"
"KOT5-7","KOT5","KOT","Montagne Kotika","Terra Firme","KOTIKA",3.93137201,-54.193714,"BUG"
"KOT5-8","KOT5","KOT","Montagne Kotika","Terra Firme","KOTIKA",3.93137201,-54.193714,"BUG"
"KOT6-1","KOT6","KOT","Montagne Kotika","Terra Firme","KOTIKA",3.93704203,-54.191489,"BUG"
"KOT6-3","KOT6","KOT","Montagne Kotika","Terra Firme","KOTIKA",3.93704203,-54.191489,"BUG"
"KOT6-4","KOT6","KOT","Montagne Kotika","Terra Firme","KOTIKA",3.93704203,-54.191489,"BUG"
"KOT6-5","KOT6","KOT","Montagne Kotika","Terra Firme","KOTIKA",3.93704203,-54.191489,"BUG"
"KOT6-7","KOT6","KOT","Montagne Kotika","Terra Firme","KOTIKA",3.93704203,-54.191489,"BUG"
"KOT6-8","KOT6","KOT","Montagne Kotika","Terra Firme","KOTIKA",3.93704203,-54.191489,"BUG"
"KOT7-1","KOT7","KOT","Montagne Kotika","Terra Firme","KOTIKA",3.93064496,-54.201527,"BUG"
"KOT7-2","KOT7","KOT","Montagne Kotika","Terra Firme","KOTIKA",3.93064496,-54.201527,"BUG"
"KOT7-3","KOT7","KOT","Montagne Kotika","Terra Firme","KOTIKA",3.93064496,-54.201527,"BUG"
"KOT7-4","KOT7","KOT","Montagne Kotika","Terra Firme","KOTIKA",3.93064496,-54.201527,"BUG"
"KOT7-6","KOT7","KOT","Montagne Kotika","Terra Firme","KOTIKA",3.93064496,-54.201527,"BUG"
"KOT7-7","KOT7","KOT","Montagne Kotika","Terra Firme","KOTIKA",3.93064496,-54.201527,"BUG"
"KOT7-8","KOT7","KOT","Montagne Kotika","Terra Firme","KOTIKA",3.93064496,-54.201527,"BUG"
"KOT8-1","KOT8","KOT","Montagne Kotika","Terra Firme","KOTIKA",3.93036702,-54.19731,"BUG"
"KOT8-2","KOT8","KOT","Montagne Kotika","Terra Firme","KOTIKA",3.93036702,-54.19731,"BUG"
"KOT8-3","KOT8","KOT","Montagne Kotika","Terra Firme","KOTIKA",3.93036702,-54.19731,"BUG"
"KOT8-4","KOT8","KOT","Montagne Kotika","Terra Firme","KOTIKA",3.93036702,-54.19731,"BUG"
"KOT8-5","KOT8","KOT","Montagne Kotika","Terra Firme","KOTIKA",3.93036702,-54.19731,"BUG"
"KOT8-6","KOT8","KOT","Montagne Kotika","Terra Firme","KOTIKA",3.93036702,-54.19731,"BUG"
"KOT8-7","KOT8","KOT","Montagne Kotika","Terra Firme","KOTIKA",3.93036702,-54.19731,"BUG"
"KOT8-8","KOT8","KOT","Montagne Kotika","Terra Firme","KOTIKA",3.93036702,-54.19731,"BUG"
"KOT9-1","KOT9","KOT","Montagne Kotika","Terra Firme","KOTIKA",3.93586999,-54.197834,"BUG"
"KOT9-2","KOT9","KOT","Montagne Kotika","Terra Firme","KOTIKA",3.93586999,-54.197834,"BUG"
"KOT9-3","KOT9","KOT","Montagne Kotika","Terra Firme","KOTIKA",3.93586999,-54.197834,"BUG"
"KOT9-4","KOT9","KOT","Montagne Kotika","Terra Firme","KOTIKA",3.93586999,-54.197834,"BUG"
"KOT9-5","KOT9","KOT","Montagne Kotika","Terra Firme","KOTIKA",3.93586999,-54.197834,"BUG"
"KOT9-6","KOT9","KOT","Montagne Kotika","Terra Firme","KOTIKA",3.93586999,-54.197834,"BUG"
"KOT9-7","KOT9","KOT","Montagne Kotika","Terra Firme","KOTIKA",3.93586999,-54.197834,"BUG"
"KOT9-8","KOT9","KOT","Montagne Kotika","Terra Firme","KOTIKA",3.93586999,-54.197834,"BUG"
"BAF1-1","BAF1","BAF","BAFOG","Seasonally Flooded Forest","DIAMOND",5.48803,-53.98986,"DIA"
"BAF1-10","BAF1","BAF","BAFOG","Seasonally Flooded Forest","DIAMOND",5.48803,-53.98986,"DIA"
"BAF1-12","BAF1","BAF","BAFOG","Seasonally Flooded Forest","DIAMOND",5.48803,-53.98986,"DIA"
"BAF1-13","BAF1","BAF","BAFOG","Seasonally Flooded Forest","DIAMOND",5.48803,-53.98986,"DIA"
"BAF1-14","BAF1","BAF","BAFOG","Seasonally Flooded Forest","DIAMOND",5.48803,-53.98986,"DIA"
"BAF1-15","BAF1","BAF","BAFOG","Seasonally Flooded Forest","DIAMOND",5.48803,-53.98986,"DIA"
"BAF1-16","BAF1","BAF","BAFOG","Seasonally Flooded Forest","DIAMOND",5.48803,-53.98986,"DIA"
"BAF1-2","BAF1","BAF","BAFOG","Seasonally Flooded Forest","DIAMOND",5.48803,-53.98986,"DIA"
"BAF1-3","BAF1","BAF","BAFOG","Seasonally Flooded Forest","DIAMOND",5.48803,-53.98986,"DIA"
"BAF1-5","BAF1","BAF","BAFOG","Seasonally Flooded Forest","DIAMOND",5.48803,-53.98986,"DIA"
"BAF1-6","BAF1","BAF","BAFOG","Seasonally Flooded Forest","DIAMOND",5.48803,-53.98986,"DIA"
"BAF1-7","BAF1","BAF","BAFOG","Seasonally Flooded Forest","DIAMOND",5.48803,-53.98986,"DIA"
"BAF1-8","BAF1","BAF","BAFOG","Seasonally Flooded Forest","DIAMOND",5.48803,-53.98986,"DIA"
"BAF1-9","BAF1","BAF","BAFOG","Seasonally Flooded Forest","DIAMOND",5.48803,-53.98986,"DIA"
"BAF3-1","BAF3","BAF","BAFOG","Terra Firme","DIAMOND",5.48673,-53.9897,"DIA"
"BAF3-10","BAF3","BAF","BAFOG","Terra Firme","DIAMOND",5.48673,-53.9897,"DIA"
"BAF3-11","BAF3","BAF","BAFOG","Terra Firme","DIAMOND",5.48673,-53.9897,"DIA"
"BAF3-12","BAF3","BAF","BAFOG","Terra Firme","DIAMOND",5.48673,-53.9897,"DIA"
"BAF3-13","BAF3","BAF","BAFOG","Terra Firme","DIAMOND",5.48673,-53.9897,"DIA"
"BAF3-14","BAF3","BAF","BAFOG","Terra Firme","DIAMOND",5.48673,-53.9897,"DIA"
"BAF3-15","BAF3","BAF","BAFOG","Terra Firme","DIAMOND",5.48673,-53.9897,"DIA"
"BAF3-2","BAF3","BAF","BAFOG","Terra Firme","DIAMOND",5.48673,-53.9897,"DIA"
"BAF3-3","BAF3","BAF","BAFOG","Terra Firme","DIAMOND",5.48673,-53.9897,"DIA"
"BAF3-4","BAF3","BAF","BAFOG","Terra Firme","DIAMOND",5.48673,-53.9897,"DIA"
"BAF3-5","BAF3","BAF","BAFOG","Terra Firme","DIAMOND",5.48673,-53.9897,"DIA"
"BAF3-6","BAF3","BAF","BAFOG","Terra Firme","DIAMOND",5.48673,-53.9897,"DIA"
"BAF3-7","BAF3","BAF","BAFOG","Terra Firme","DIAMOND",5.48673,-53.9897,"DIA"
"BAF3-8","BAF3","BAF","BAFOG","Terra Firme","DIAMOND",5.48673,-53.9897,"DIA"
"BALBF-1","BALBF","BAL","Balata","Seasonally Flooded Forest","DIAMOND",4.88144,-52.62689,"DIA"
"BALBF-10","BALBF","BAL","Balata","Seasonally Flooded Forest","DIAMOND",4.88144,-52.62689,"DIA"
"BALBF-13","BALBF","BAL","Balata","Seasonally Flooded Forest","DIAMOND",4.88144,-52.62689,"DIA"
"BALBF-15","BALBF","BAL","Balata","Seasonally Flooded Forest","DIAMOND",4.88144,-52.62689,"DIA"
"BALBF-2","BALBF","BAL","Balata","Seasonally Flooded Forest","DIAMOND",4.88144,-52.62689,"DIA"
"BALBF-3","BALBF","BAL","Balata","Seasonally Flooded Forest","DIAMOND",4.88144,-52.62689,"DIA"
"BALBF-8","BALBF","BAL","Balata","Seasonally Flooded Forest","DIAMOND",4.88144,-52.62689,"DIA"
"BALBF-9","BALBF","BAL","Balata","Seasonally Flooded Forest","DIAMOND",4.88144,-52.62689,"DIA"
"BALTF-1","BALTF","BAL","Balata","Terra Firme","DIAMOND",4.88418,-52.62919,"DIA"
"BALTF-11","BALTF","BAL","Balata","Terra Firme","DIAMOND",4.88418,-52.62919,"DIA"
"BALTF-14","BALTF","BAL","Balata","Terra Firme","DIAMOND",4.88418,-52.62919,"DIA"
"BALTF-15","BALTF","BAL","Balata","Terra Firme","DIAMOND",4.88418,-52.62919,"DIA"
"BALTF-4","BALTF","BAL","Balata","Terra Firme","DIAMOND",4.88418,-52.62919,"DIA"
"BALTF-6","BALTF","BAL","Balata","Terra Firme","DIAMOND",4.88418,-52.62919,"DIA"
"BALTF-8","BALTF","BAL","Balata","Terra Firme","DIAMOND",4.88418,-52.62919,"DIA"
"BALTF-9","BALTF","BAL","Balata","Terra Firme","DIAMOND",4.88418,-52.62919,"DIA"
"BLATF-1","BLATF","BLA","Balate2","Terra Firme","DIAMOND",5.33467,-53.9573,"DIA"
"BLATF-10","BLATF","BLA","Balate2","Terra Firme","DIAMOND",5.33467,-53.9573,"DIA"
"BLATF-11","BLATF","BLA","Balate2","Terra Firme","DIAMOND",5.33467,-53.9573,"DIA"
"BLATF-12","BLATF","BLA","Balate2","Terra Firme","DIAMOND",5.33467,-53.9573,"DIA"
"BLATF-14","BLATF","BLA","Balate2","Terra Firme","DIAMOND",5.33467,-53.9573,"DIA"
"BLATF-15","BLATF","BLA","Balate2","Terra Firme","DIAMOND",5.33467,-53.9573,"DIA"
"BLATF-16","BLATF","BLA","Balate2","Terra Firme","DIAMOND",5.33467,-53.9573,"DIA"
"BLATF-2","BLATF","BLA","Balate2","Terra Firme","DIAMOND",5.33467,-53.9573,"DIA"
"BLATF-4","BLATF","BLA","Balate2","Terra Firme","DIAMOND",5.33467,-53.9573,"DIA"
"BLATF-6","BLATF","BLA","Balate2","Terra Firme","DIAMOND",5.33467,-53.9573,"DIA"
"BLATF-7","BLATF","BLA","Balate2","Terra Firme","DIAMOND",5.33467,-53.9573,"DIA"
"BLATF-8","BLATF","BLA","Balate2","Terra Firme","DIAMOND",5.33467,-53.9573,"DIA"
"BLATF-9","BLATF","BLA","Balate2","Terra Firme","DIAMOND",5.33467,-53.9573,"DIA"
"CAM-10","CAM","CAM","Cambior","Terra Firme","DIAMOND",4.55737,-52.20909,"DIA"
"CAM-11","CAM","CAM","Cambior","Terra Firme","DIAMOND",4.55737,-52.20909,"DIA"
"CAM-12","CAM","CAM","Cambior","Terra Firme","DIAMOND",4.55737,-52.20909,"DIA"
"CAM-13","CAM","CAM","Cambior","Terra Firme","DIAMOND",4.55737,-52.20909,"DIA"
"CAM-14","CAM","CAM","Cambior","Terra Firme","DIAMOND",4.55737,-52.20909,"DIA"
"CAM-15","CAM","CAM","Cambior","Terra Firme","DIAMOND",4.55737,-52.20909,"DIA"
"CAM-16","CAM","CAM","Cambior","Terra Firme","DIAMOND",4.55737,-52.20909,"DIA"
"CAM-2","CAM","CAM","Cambior","Terra Firme","DIAMOND",4.55737,-52.20909,"DIA"
"CAM-3","CAM","CAM","Cambior","Terra Firme","DIAMOND",4.55737,-52.20909,"DIA"
"CAM-4","CAM","CAM","Cambior","Terra Firme","DIAMOND",4.55737,-52.20909,"DIA"
"CAM-5","CAM","CAM","Cambior","Terra Firme","DIAMOND",4.55737,-52.20909,"DIA"
"CAM-6","CAM","CAM","Cambior","Terra Firme","DIAMOND",4.55737,-52.20909,"DIA"
"CAM-7","CAM","CAM","Cambior","Terra Firme","DIAMOND",4.55737,-52.20909,"DIA"
"CAMPK-3","CAMPK","CAMP","Campus Kourou","White-Sand","DIAMOND",5.173301,-52.654597,"DIA"
"CAMPK-4","CAMPK","CAMP","Campus Kourou","White-Sand","DIAMOND",5.173301,-52.654597,"DIA"
"CAMPK-5","CAMPK","CAMP","Campus Kourou","White-Sand","DIAMOND",5.173301,-52.654597,"DIA"
"CAMPK-6","CAMPK","CAMP","Campus Kourou","White-Sand","DIAMOND",5.173301,-52.654597,"DIA"
"CAMPK-8","CAMPK","CAMP","Campus Kourou","White-Sand","DIAMOND",5.173301,-52.654597,"DIA"
"CAY2-1","CAY2","CAY","Montabo","Terra Firme","DIAMOND",4.9497,-52.30546,"DIA"
"CAY2-10","CAY2","CAY","Montabo","Terra Firme","DIAMOND",4.9497,-52.30546,"DIA"
"CAY2-11","CAY2","CAY","Montabo","Terra Firme","DIAMOND",4.9497,-52.30546,"DIA"
"CAY2-12","CAY2","CAY","Montabo","Terra Firme","DIAMOND",4.9497,-52.30546,"DIA"
"CAY2-13","CAY2","CAY","Montabo","Terra Firme","DIAMOND",4.9497,-52.30546,"DIA"
"CAY2-14","CAY2","CAY","Montabo","Terra Firme","DIAMOND",4.9497,-52.30546,"DIA"
"CAY2-15","CAY2","CAY","Montabo","Terra Firme","DIAMOND",4.9497,-52.30546,"DIA"
"CAY2-16","CAY2","CAY","Montabo","Terra Firme","DIAMOND",4.9497,-52.30546,"DIA"
"CAY2-2","CAY2","CAY","Montabo","Terra Firme","DIAMOND",4.9497,-52.30546,"DIA"
"CAY2-3","CAY2","CAY","Montabo","Terra Firme","DIAMOND",4.9497,-52.30546,"DIA"
"CAY2-4","CAY2","CAY","Montabo","Terra Firme","DIAMOND",4.9497,-52.30546,"DIA"
"CAY2-5","CAY2","CAY","Montabo","Terra Firme","DIAMOND",4.9497,-52.30546,"DIA"
"CAY2-6","CAY2","CAY","Montabo","Terra Firme","DIAMOND",4.9497,-52.30546,"DIA"
"CAY2-7","CAY2","CAY","Montabo","Terra Firme","DIAMOND",4.9497,-52.30546,"DIA"
"CAY2-8","CAY2","CAY","Montabo","Terra Firme","DIAMOND",4.9497,-52.30546,"DIA"
"CAY2-9","CAY2","CAY","Montabo","Terra Firme","DIAMOND",4.9497,-52.30546,"DIA"
"CAY3-1","CAY3","CAY","Bourda","Terra Firme","DIAMOND",4.93856,-52.28857,"DIA"
"CAY3-10","CAY3","CAY","Bourda","Terra Firme","DIAMOND",4.93856,-52.28857,"DIA"
"CAY3-11","CAY3","CAY","Bourda","Terra Firme","DIAMOND",4.93856,-52.28857,"DIA"
"CAY3-12","CAY3","CAY","Bourda","Terra Firme","DIAMOND",4.93856,-52.28857,"DIA"
"CAY3-13","CAY3","CAY","Bourda","Terra Firme","DIAMOND",4.93856,-52.28857,"DIA"
"CAY3-14","CAY3","CAY","Bourda","Terra Firme","DIAMOND",4.93856,-52.28857,"DIA"
"CAY3-15","CAY3","CAY","Bourda","Terra Firme","DIAMOND",4.93856,-52.28857,"DIA"
"CAY3-16","CAY3","CAY","Bourda","Terra Firme","DIAMOND",4.93856,-52.28857,"DIA"
"CAY3-2","CAY3","CAY","Bourda","Terra Firme","DIAMOND",4.93856,-52.28857,"DIA"
"CAY3-3","CAY3","CAY","Bourda","Terra Firme","DIAMOND",4.93856,-52.28857,"DIA"
"CAY3-4","CAY3","CAY","Bourda","Terra Firme","DIAMOND",4.93856,-52.28857,"DIA"
"CAY3-5","CAY3","CAY","Bourda","Terra Firme","DIAMOND",4.93856,-52.28857,"DIA"
"CAY3-6","CAY3","CAY","Bourda","Terra Firme","DIAMOND",4.93856,-52.28857,"DIA"
"CAY3-8","CAY3","CAY","Bourda","Terra Firme","DIAMOND",4.93856,-52.28857,"DIA"
"CAY3-9","CAY3","CAY","Bourda","Terra Firme","DIAMOND",4.93856,-52.28857,"DIA"
"CGBF-1","CGBF","CG","Crique Grosse Roche","Seasonally Flooded Forest","DIAMOND",5.26184,-53.32068,"DIA"
"CGBF-10","CGBF","CG","Crique Grosse Roche","Seasonally Flooded Forest","DIAMOND",5.26184,-53.32068,"DIA"
"CGBF-11","CGBF","CG","Crique Grosse Roche","Seasonally Flooded Forest","DIAMOND",5.26184,-53.32068,"DIA"
"CGBF-12","CGBF","CG","Crique Grosse Roche","Seasonally Flooded Forest","DIAMOND",5.26184,-53.32068,"DIA"
"CGBF-13","CGBF","CG","Crique Grosse Roche","Seasonally Flooded Forest","DIAMOND",5.26184,-53.32068,"DIA"
"CGBF-15","CGBF","CG","Crique Grosse Roche","Seasonally Flooded Forest","DIAMOND",5.26184,-53.32068,"DIA"
"CGBF-16","CGBF","CG","Crique Grosse Roche","Seasonally Flooded Forest","DIAMOND",5.26184,-53.32068,"DIA"
"CGBF-2","CGBF","CG","Crique Grosse Roche","Seasonally Flooded Forest","DIAMOND",5.26184,-53.32068,"DIA"
"CGBF-3","CGBF","CG","Crique Grosse Roche","Seasonally Flooded Forest","DIAMOND",5.26184,-53.32068,"DIA"
"CGBF-4","CGBF","CG","Crique Grosse Roche","Seasonally Flooded Forest","DIAMOND",5.26184,-53.32068,"DIA"
"CGBF-5","CGBF","CG","Crique Grosse Roche","Seasonally Flooded Forest","DIAMOND",5.26184,-53.32068,"DIA"
"CGBF-7","CGBF","CG","Crique Grosse Roche","Seasonally Flooded Forest","DIAMOND",5.26184,-53.32068,"DIA"
"CGBF-9","CGBF","CG","Crique Grosse Roche","Seasonally Flooded Forest","DIAMOND",5.26184,-53.32068,"DIA"
"CGTF-1","CGTF","CG","Crique Grosse Roche","Terra Firme","DIAMOND",5.2597,-53.32333,"DIA"
"CGTF-10","CGTF","CG","Crique Grosse Roche","Terra Firme","DIAMOND",5.2597,-53.32333,"DIA"
"CGTF-11","CGTF","CG","Crique Grosse Roche","Terra Firme","DIAMOND",5.2597,-53.32333,"DIA"
"CGTF-12","CGTF","CG","Crique Grosse Roche","Terra Firme","DIAMOND",5.2597,-53.32333,"DIA"
"CGTF-13","CGTF","CG","Crique Grosse Roche","Terra Firme","DIAMOND",5.2597,-53.32333,"DIA"
"CGTF-14","CGTF","CG","Crique Grosse Roche","Terra Firme","DIAMOND",5.2597,-53.32333,"DIA"
"CGTF-15","CGTF","CG","Crique Grosse Roche","Terra Firme","DIAMOND",5.2597,-53.32333,"DIA"
"CGTF-16","CGTF","CG","Crique Grosse Roche","Terra Firme","DIAMOND",5.2597,-53.32333,"DIA"
"CGTF-2","CGTF","CG","Crique Grosse Roche","Terra Firme","DIAMOND",5.2597,-53.32333,"DIA"
"CGTF-3","CGTF","CG","Crique Grosse Roche","Terra Firme","DIAMOND",5.2597,-53.32333,"DIA"
"CGTF-4","CGTF","CG","Crique Grosse Roche","Terra Firme","DIAMOND",5.2597,-53.32333,"DIA"
"CGTF-5","CGTF","CG","Crique Grosse Roche","Terra Firme","DIAMOND",5.2597,-53.32333,"DIA"
"CGTF-6","CGTF","CG","Crique Grosse Roche","Terra Firme","DIAMOND",5.2597,-53.32333,"DIA"
"CGTF-7","CGTF","CG","Crique Grosse Roche","Terra Firme","DIAMOND",5.2597,-53.32333,"DIA"
"CGTF-8","CGTF","CG","Crique Grosse Roche","Terra Firme","DIAMOND",5.2597,-53.32333,"DIA"
"CGTF-9","CGTF","CG","Crique Grosse Roche","Terra Firme","DIAMOND",5.2597,-53.32333,"DIA"
"CNBF-10","CNBF","CN","Counami","Seasonally Flooded Forest","DIAMOND",5.38873,-53.26998,"DIA"
"CNBF-13","CNBF","CN","Counami","Seasonally Flooded Forest","DIAMOND",5.38873,-53.26998,"DIA"
"CNBF-14","CNBF","CN","Counami","Seasonally Flooded Forest","DIAMOND",5.38873,-53.26998,"DIA"
"CNBF-15","CNBF","CN","Counami","Seasonally Flooded Forest","DIAMOND",5.38873,-53.26998,"DIA"
"CNBF-16","CNBF","CN","Counami","Seasonally Flooded Forest","DIAMOND",5.38873,-53.26998,"DIA"
"CNBF-2","CNBF","CN","Counami","Seasonally Flooded Forest","DIAMOND",5.38873,-53.26998,"DIA"
"CNBF-3","CNBF","CN","Counami","Seasonally Flooded Forest","DIAMOND",5.38873,-53.26998,"DIA"
"CNBF-5","CNBF","CN","Counami","Seasonally Flooded Forest","DIAMOND",5.38873,-53.26998,"DIA"
"CNBF-6","CNBF","CN","Counami","Seasonally Flooded Forest","DIAMOND",5.38873,-53.26998,"DIA"
"CNBF-8","CNBF","CN","Counami","Seasonally Flooded Forest","DIAMOND",5.38873,-53.26998,"DIA"
"CNBF-9","CNBF","CN","Counami","Seasonally Flooded Forest","DIAMOND",5.38873,-53.26998,"DIA"
"CNTF-1","CNTF","CN","Counami","Terra Firme","DIAMOND",5.38739,-53.32068,"DIA"
"CNTF-10","CNTF","CN","Counami","Terra Firme","DIAMOND",5.38739,-53.32068,"DIA"
"CNTF-11","CNTF","CN","Counami","Terra Firme","DIAMOND",5.38739,-53.32068,"DIA"
"CNTF-12","CNTF","CN","Counami","Terra Firme","DIAMOND",5.38739,-53.32068,"DIA"
"CNTF-14","CNTF","CN","Counami","Terra Firme","DIAMOND",5.38739,-53.32068,"DIA"
"CNTF-15","CNTF","CN","Counami","Terra Firme","DIAMOND",5.38739,-53.32068,"DIA"
"CNTF-16","CNTF","CN","Counami","Terra Firme","DIAMOND",5.38739,-53.32068,"DIA"
"CNTF-2","CNTF","CN","Counami","Terra Firme","DIAMOND",5.38739,-53.32068,"DIA"
"CNTF-3","CNTF","CN","Counami","Terra Firme","DIAMOND",5.38739,-53.32068,"DIA"
"CNTF-4","CNTF","CN","Counami","Terra Firme","DIAMOND",5.38739,-53.32068,"DIA"
"CNTF-5","CNTF","CN","Counami","Terra Firme","DIAMOND",5.38739,-53.32068,"DIA"
"CNTF-6","CNTF","CN","Counami","Terra Firme","DIAMOND",5.38739,-53.32068,"DIA"
"CNTF-7","CNTF","CN","Counami","Terra Firme","DIAMOND",5.38739,-53.32068,"DIA"
"CNTF-8","CNTF","CN","Counami","Terra Firme","DIAMOND",5.38739,-53.32068,"DIA"
"CNTF-9","CNTF","CN","Counami","Terra Firme","DIAMOND",5.38739,-53.32068,"DIA"
"COOTF-1","COOTF","COO","Coralie Est","Terra Firme","DIAMOND",4.48035,-52.42752,"DIA"
"COOTF-10","COOTF","COO","Coralie Est","Terra Firme","DIAMOND",4.48035,-52.42752,"DIA"
"COOTF-11","COOTF","COO","Coralie Est","Terra Firme","DIAMOND",4.48035,-52.42752,"DIA"
"COOTF-12","COOTF","COO","Coralie Est","Terra Firme","DIAMOND",4.48035,-52.42752,"DIA"
"COOTF-13","COOTF","COO","Coralie Est","Terra Firme","DIAMOND",4.48035,-52.42752,"DIA"
"COOTF-14","COOTF","COO","Coralie Est","Terra Firme","DIAMOND",4.48035,-52.42752,"DIA"
"COOTF-15","COOTF","COO","Coralie Est","Terra Firme","DIAMOND",4.48035,-52.42752,"DIA"
"COOTF-3","COOTF","COO","Coralie Est","Terra Firme","DIAMOND",4.48035,-52.42752,"DIA"
"COOTF-4","COOTF","COO","Coralie Est","Terra Firme","DIAMOND",4.48035,-52.42752,"DIA"
"COOTF-5","COOTF","COO","Coralie Est","Terra Firme","DIAMOND",4.48035,-52.42752,"DIA"
"COOTF-6","COOTF","COO","Coralie Est","Terra Firme","DIAMOND",4.48035,-52.42752,"DIA"
"COOTF-7","COOTF","COO","Coralie Est","Terra Firme","DIAMOND",4.48035,-52.42752,"DIA"
"COOTF-8","COOTF","COO","Coralie Est","Terra Firme","DIAMOND",4.48035,-52.42752,"DIA"
"CRLBF-1","CRLBF","CRL","Crique Loutre","Seasonally Flooded Forest","DIAMOND",5.27928,-53.51291,"DIA"
"CRLBF-10","CRLBF","CRL","Crique Loutre","Seasonally Flooded Forest","DIAMOND",5.27928,-53.51291,"DIA"
"CRLBF-11","CRLBF","CRL","Crique Loutre","Seasonally Flooded Forest","DIAMOND",5.27928,-53.51291,"DIA"
"CRLBF-12","CRLBF","CRL","Crique Loutre","Seasonally Flooded Forest","DIAMOND",5.27928,-53.51291,"DIA"
"CRLBF-13","CRLBF","CRL","Crique Loutre","Seasonally Flooded Forest","DIAMOND",5.27928,-53.51291,"DIA"
"CRLBF-14","CRLBF","CRL","Crique Loutre","Seasonally Flooded Forest","DIAMOND",5.27928,-53.51291,"DIA"
"CRLBF-15","CRLBF","CRL","Crique Loutre","Seasonally Flooded Forest","DIAMOND",5.27928,-53.51291,"DIA"
"CRLBF-16","CRLBF","CRL","Crique Loutre","Seasonally Flooded Forest","DIAMOND",5.27928,-53.51291,"DIA"
"CRLBF-2","CRLBF","CRL","Crique Loutre","Seasonally Flooded Forest","DIAMOND",5.27928,-53.51291,"DIA"
"CRLBF-3","CRLBF","CRL","Crique Loutre","Seasonally Flooded Forest","DIAMOND",5.27928,-53.51291,"DIA"
"CRLBF-4","CRLBF","CRL","Crique Loutre","Seasonally Flooded Forest","DIAMOND",5.27928,-53.51291,"DIA"
"CRLBF-5","CRLBF","CRL","Crique Loutre","Seasonally Flooded Forest","DIAMOND",5.27928,-53.51291,"DIA"
"CRLBF-7","CRLBF","CRL","Crique Loutre","Seasonally Flooded Forest","DIAMOND",5.27928,-53.51291,"DIA"
"CRLBF-8","CRLBF","CRL","Crique Loutre","Seasonally Flooded Forest","DIAMOND",5.27928,-53.51291,"DIA"
"CRLBF-9","CRLBF","CRL","Crique Loutre","Seasonally Flooded Forest","DIAMOND",5.27928,-53.51291,"DIA"
"CRLTF-12","CRLTF","CRL","Crique Loutre","Terra Firme","DIAMOND",5.27638,-53.51513,"DIA"
"CRLTF-13","CRLTF","CRL","Crique Loutre","Terra Firme","DIAMOND",5.27638,-53.51513,"DIA"
"CRLTF-14","CRLTF","CRL","Crique Loutre","Terra Firme","DIAMOND",5.27638,-53.51513,"DIA"
"CRLTF-15","CRLTF","CRL","Crique Loutre","Terra Firme","DIAMOND",5.27638,-53.51513,"DIA"
"CRLTF-3","CRLTF","CRL","Crique Loutre","Terra Firme","DIAMOND",5.27638,-53.51513,"DIA"
"CRLTF-5","CRLTF","CRL","Crique Loutre","Terra Firme","DIAMOND",5.27638,-53.51513,"DIA"
"CRLTF-6","CRLTF","CRL","Crique Loutre","Terra Firme","DIAMOND",5.27638,-53.51513,"DIA"
"CRLTF-7","CRLTF","CRL","Crique Loutre","Terra Firme","DIAMOND",5.27638,-53.51513,"DIA"
"CRLTF-9","CRLTF","CRL","Crique Loutre","Terra Firme","DIAMOND",5.27638,-53.51513,"DIA"
"CSG1-1","CSG1","CSG","Centre Spatial Guyanais","White-Sand","DIAMOND",5.226,-52.83611,"DIA"
"CSG1-10","CSG1","CSG","Centre Spatial Guyanais","White-Sand","DIAMOND",5.226,-52.83611,"DIA"
"CSG1-11","CSG1","CSG","Centre Spatial Guyanais","White-Sand","DIAMOND",5.226,-52.83611,"DIA"
"CSG1-12","CSG1","CSG","Centre Spatial Guyanais","White-Sand","DIAMOND",5.226,-52.83611,"DIA"
"CSG1-13","CSG1","CSG","Centre Spatial Guyanais","White-Sand","DIAMOND",5.226,-52.83611,"DIA"
"CSG1-14","CSG1","CSG","Centre Spatial Guyanais","White-Sand","DIAMOND",5.226,-52.83611,"DIA"
"CSG1-15","CSG1","CSG","Centre Spatial Guyanais","White-Sand","DIAMOND",5.226,-52.83611,"DIA"
"CSG1-16","CSG1","CSG","Centre Spatial Guyanais","White-Sand","DIAMOND",5.226,-52.83611,"DIA"
"CSG1-3","CSG1","CSG","Centre Spatial Guyanais","White-Sand","DIAMOND",5.226,-52.83611,"DIA"
"CSG1-6","CSG1","CSG","Centre Spatial Guyanais","White-Sand","DIAMOND",5.226,-52.83611,"DIA"
"CSG1-7","CSG1","CSG","Centre Spatial Guyanais","White-Sand","DIAMOND",5.226,-52.83611,"DIA"
"CSG1-8","CSG1","CSG","Centre Spatial Guyanais","White-Sand","DIAMOND",5.226,-52.83611,"DIA"
"CSG2-11","CSG2","CSG","Centre Spatial Guyanais","Terra Firme","DIAMOND",5.24142,-52.83857,"DIA"
"CSG2-12","CSG2","CSG","Centre Spatial Guyanais","Terra Firme","DIAMOND",5.24142,-52.83857,"DIA"
"CSG2-13","CSG2","CSG","Centre Spatial Guyanais","Terra Firme","DIAMOND",5.24142,-52.83857,"DIA"
"CSG2-14","CSG2","CSG","Centre Spatial Guyanais","Terra Firme","DIAMOND",5.24142,-52.83857,"DIA"
"CSG2-15","CSG2","CSG","Centre Spatial Guyanais","Terra Firme","DIAMOND",5.24142,-52.83857,"DIA"
"CSG2-16","CSG2","CSG","Centre Spatial Guyanais","Terra Firme","DIAMOND",5.24142,-52.83857,"DIA"
"CSG2-2","CSG2","CSG","Centre Spatial Guyanais","Terra Firme","DIAMOND",5.24142,-52.83857,"DIA"
"CSG2-3","CSG2","CSG","Centre Spatial Guyanais","Terra Firme","DIAMOND",5.24142,-52.83857,"DIA"
"CSG2-4","CSG2","CSG","Centre Spatial Guyanais","Terra Firme","DIAMOND",5.24142,-52.83857,"DIA"
"CSG2-5","CSG2","CSG","Centre Spatial Guyanais","Terra Firme","DIAMOND",5.24142,-52.83857,"DIA"
"CSG2-6","CSG2","CSG","Centre Spatial Guyanais","Terra Firme","DIAMOND",5.24142,-52.83857,"DIA"
"CSG2-7","CSG2","CSG","Centre Spatial Guyanais","Terra Firme","DIAMOND",5.24142,-52.83857,"DIA"
"CSG2-8","CSG2","CSG","Centre Spatial Guyanais","Terra Firme","DIAMOND",5.24142,-52.83857,"DIA"
"CSG3-1","CSG3","CSG","Centre Spatial Guyanais","Seasonally Flooded Forest","DIAMOND",5.23927,-52.83829,"DIA"
"CSG3-12","CSG3","CSG","Centre Spatial Guyanais","Seasonally Flooded Forest","DIAMOND",5.23927,-52.83829,"DIA"
"CSG3-13","CSG3","CSG","Centre Spatial Guyanais","Seasonally Flooded Forest","DIAMOND",5.23927,-52.83829,"DIA"
"CSG3-14","CSG3","CSG","Centre Spatial Guyanais","Seasonally Flooded Forest","DIAMOND",5.23927,-52.83829,"DIA"
"CSG3-2","CSG3","CSG","Centre Spatial Guyanais","Seasonally Flooded Forest","DIAMOND",5.23927,-52.83829,"DIA"
"CSG3-3","CSG3","CSG","Centre Spatial Guyanais","Seasonally Flooded Forest","DIAMOND",5.23927,-52.83829,"DIA"
"CSG3-4","CSG3","CSG","Centre Spatial Guyanais","Seasonally Flooded Forest","DIAMOND",5.23927,-52.83829,"DIA"
"CSG3-5","CSG3","CSG","Centre Spatial Guyanais","Seasonally Flooded Forest","DIAMOND",5.23927,-52.83829,"DIA"
"CSG3-6","CSG3","CSG","Centre Spatial Guyanais","Seasonally Flooded Forest","DIAMOND",5.23927,-52.83829,"DIA"
"CSG3-8","CSG3","CSG","Centre Spatial Guyanais","Seasonally Flooded Forest","DIAMOND",5.23927,-52.83829,"DIA"
"FRG-1","FRG","FRG","ONF Regina","Terra Firme","DIAMOND",4.31339,-52.23599,"DIA"
"FRG-13","FRG","FRG","ONF Regina","Terra Firme","DIAMOND",4.31339,-52.23599,"DIA"
"FRG-14","FRG","FRG","ONF Regina","Terra Firme","DIAMOND",4.31339,-52.23599,"DIA"
"FRG-15","FRG","FRG","ONF Regina","Terra Firme","DIAMOND",4.31339,-52.23599,"DIA"
"FRG-16","FRG","FRG","ONF Regina","Terra Firme","DIAMOND",4.31339,-52.23599,"DIA"
"FRG-3","FRG","FRG","ONF Regina","Terra Firme","DIAMOND",4.31339,-52.23599,"DIA"
"FRG-5","FRG","FRG","ONF Regina","Terra Firme","DIAMOND",4.31339,-52.23599,"DIA"
"FRG-6","FRG","FRG","ONF Regina","Terra Firme","DIAMOND",4.31339,-52.23599,"DIA"
"FRG-7","FRG","FRG","ONF Regina","Terra Firme","DIAMOND",4.31339,-52.23599,"DIA"
"FRG-8","FRG","FRG","ONF Regina","Terra Firme","DIAMOND",4.31339,-52.23599,"DIA"
"FRG-9","FRG","FRG","ONF Regina","Terra Firme","DIAMOND",4.31339,-52.23599,"DIA"
"GUY-1","GUY","GUY","Guyakaw","Terra Firme","DIAMOND",4.56847,-52.17876,"DIA"
"GUY-10","GUY","GUY","Guyakaw","Terra Firme","DIAMOND",4.56847,-52.17876,"DIA"
"GUY-11","GUY","GUY","Guyakaw","Terra Firme","DIAMOND",4.56847,-52.17876,"DIA"
"GUY-12","GUY","GUY","Guyakaw","Terra Firme","DIAMOND",4.56847,-52.17876,"DIA"
"GUY-14","GUY","GUY","Guyakaw","Terra Firme","DIAMOND",4.56847,-52.17876,"DIA"
"GUY-16","GUY","GUY","Guyakaw","Terra Firme","DIAMOND",4.56847,-52.17876,"DIA"
"GUY-2","GUY","GUY","Guyakaw","Terra Firme","DIAMOND",4.56847,-52.17876,"DIA"
"GUY-3","GUY","GUY","Guyakaw","Terra Firme","DIAMOND",4.56847,-52.17876,"DIA"
"GUY-4","GUY","GUY","Guyakaw","Terra Firme","DIAMOND",4.56847,-52.17876,"DIA"
"GUY-6","GUY","GUY","Guyakaw","Terra Firme","DIAMOND",4.56847,-52.17876,"DIA"
"GUY-7","GUY","GUY","Guyakaw","Terra Firme","DIAMOND",4.56847,-52.17876,"DIA"
"GUY-8","GUY","GUY","Guyakaw","Terra Firme","DIAMOND",4.56847,-52.17876,"DIA"
"GUY-9","GUY","GUY","Guyakaw","Terra Firme","DIAMOND",4.56847,-52.17876,"DIA"
"KAP-1","KAPBF","KAP","Saut-Lavilette","Seasonally Flooded Forest","DIAMOND",4.15339,-52.20204,"DIA"
"KAP-10","KAPBF","KAP","Saut-Lavilette","Seasonally Flooded Forest","DIAMOND",4.15339,-52.20204,"DIA"
"KAP-11","KAPBF","KAP","Saut-Lavilette","Seasonally Flooded Forest","DIAMOND",4.15339,-52.20204,"DIA"
"KAP-12","KAPBF","KAP","Saut-Lavilette","Seasonally Flooded Forest","DIAMOND",4.15339,-52.20204,"DIA"
"KAP-13","KAPBF","KAP","Saut-Lavilette","Seasonally Flooded Forest","DIAMOND",4.15339,-52.20204,"DIA"
"KAP-14","KAPBF","KAP","Saut-Lavilette","Seasonally Flooded Forest","DIAMOND",4.15339,-52.20204,"DIA"
"KAP-15","KAPBF","KAP","Saut-Lavilette","Seasonally Flooded Forest","DIAMOND",4.15339,-52.20204,"DIA"
"KAP-16","KAPBF","KAP","Saut-Lavilette","Seasonally Flooded Forest","DIAMOND",4.15339,-52.20204,"DIA"
"KAP-2","KAPBF","KAP","Saut-Lavilette","Seasonally Flooded Forest","DIAMOND",4.15339,-52.20204,"DIA"
"KAP-3","KAPBF","KAP","Saut-Lavilette","Seasonally Flooded Forest","DIAMOND",4.15339,-52.20204,"DIA"
"KAP-4","KAPBF","KAP","Saut-Lavilette","Seasonally Flooded Forest","DIAMOND",4.15339,-52.20204,"DIA"
"KAP-5","KAPBF","KAP","Saut-Lavilette","Seasonally Flooded Forest","DIAMOND",4.15339,-52.20204,"DIA"
"KAP-6","KAPBF","KAP","Saut-Lavilette","Seasonally Flooded Forest","DIAMOND",4.15339,-52.20204,"DIA"
"KAP-7","KAPBF","KAP","Saut-Lavilette","Seasonally Flooded Forest","DIAMOND",4.15339,-52.20204,"DIA"
"KAP-8","KAPBF","KAP","Saut-Lavilette","Seasonally Flooded Forest","DIAMOND",4.15339,-52.20204,"DIA"
"KAP-9","KAPBF","KAP","Saut-Lavilette","Seasonally Flooded Forest","DIAMOND",4.15339,-52.20204,"DIA"
"KAP-T","KAPTF","KAP","Saut-Lavilette","Terra Firme","DIAMOND",4.15005,-52.20235,"DIA"
"KAPBF-1","KAPTF","KAP","Saut-Lavilette","Terra Firme","DIAMOND",4.15005,-52.20235,"DIA"
"KAPBF-12","KAPTF","KAP","Saut-Lavilette","Terra Firme","DIAMOND",4.15005,-52.20235,"DIA"
"KAPBF-13","KAPTF","KAP","Saut-Lavilette","Terra Firme","DIAMOND",4.15005,-52.20235,"DIA"
"KAPBF-14","KAPTF","KAP","Saut-Lavilette","Terra Firme","DIAMOND",4.15005,-52.20235,"DIA"
"KAPBF-15","KAPTF","KAP","Saut-Lavilette","Terra Firme","DIAMOND",4.15005,-52.20235,"DIA"
"KAPBF-16","KAPTF","KAP","Saut-Lavilette","Terra Firme","DIAMOND",4.15005,-52.20235,"DIA"
"KAPBF-2","KAPTF","KAP","Saut-Lavilette","Terra Firme","DIAMOND",4.15005,-52.20235,"DIA"
"KAPBF-3","KAPTF","KAP","Saut-Lavilette","Terra Firme","DIAMOND",4.15005,-52.20235,"DIA"
"KAPBF-4","KAPTF","KAP","Saut-Lavilette","Terra Firme","DIAMOND",4.15005,-52.20235,"DIA"
"KAPBF-6","KAPTF","KAP","Saut-Lavilette","Terra Firme","DIAMOND",4.15005,-52.20235,"DIA"
"KAPBF-8","KAPTF","KAP","Saut-Lavilette","Terra Firme","DIAMOND",4.15005,-52.20235,"DIA"
"KAPBF-9","KAPTF","KAP","Saut-Lavilette","Terra Firme","DIAMOND",4.15005,-52.20235,"DIA"
"KAPBF-T","KAPTF","KAP","Saut-Lavilette","Terra Firme","DIAMOND",4.15005,-52.20235,"DIA"
"LAU3-1","LAU3","LAU","Laussat","White-Sand","DIAMOND",5.47518,-53.58684,"DIA"
"LAU3-10","LAU3","LAU","Laussat","White-Sand","DIAMOND",5.47518,-53.58684,"DIA"
"LAU3-11","LAU3","LAU","Laussat","White-Sand","DIAMOND",5.47518,-53.58684,"DIA"
"LAU3-12","LAU3","LAU","Laussat","White-Sand","DIAMOND",5.47518,-53.58684,"DIA"
"LAU3-13","LAU3","LAU","Laussat","White-Sand","DIAMOND",5.47518,-53.58684,"DIA"
"LAU3-14","LAU3","LAU","Laussat","White-Sand","DIAMOND",5.47518,-53.58684,"DIA"
"LAU3-15","LAU3","LAU","Laussat","White-Sand","DIAMOND",5.47518,-53.58684,"DIA"
"LAU3-16","LAU3","LAU","Laussat","White-Sand","DIAMOND",5.47518,-53.58684,"DIA"
"LAU3-2","LAU3","LAU","Laussat","White-Sand","DIAMOND",5.47518,-53.58684,"DIA"
"LAU3-3","LAU3","LAU","Laussat","White-Sand","DIAMOND",5.47518,-53.58684,"DIA"
"LAU3-4","LAU3","LAU","Laussat","White-Sand","DIAMOND",5.47518,-53.58684,"DIA"
"LAU3-5","LAU3","LAU","Laussat","White-Sand","DIAMOND",5.47518,-53.58684,"DIA"
"LAU3-6","LAU3","LAU","Laussat","White-Sand","DIAMOND",5.47518,-53.58684,"DIA"
"LAU3-7","LAU3","LAU","Laussat","White-Sand","DIAMOND",5.47518,-53.58684,"DIA"
"LAU3-8","LAU3","LAU","Laussat","White-Sand","DIAMOND",5.47518,-53.58684,"DIA"
"LAU3-9","LAU3","LAU","Laussat","White-Sand","DIAMOND",5.47518,-53.58684,"DIA"
"LAU6-1","LAU6","LAU","Laussat","Terra Firme","DIAMOND",5.46854,-53.58046,"DIA"
"LAU6-11","LAU6","LAU","Laussat","Terra Firme","DIAMOND",5.46854,-53.58046,"DIA"
"LAU6-12","LAU6","LAU","Laussat","Terra Firme","DIAMOND",5.46854,-53.58046,"DIA"
"LAU6-13","LAU6","LAU","Laussat","Terra Firme","DIAMOND",5.46854,-53.58046,"DIA"
"LAU6-14","LAU6","LAU","Laussat","Terra Firme","DIAMOND",5.46854,-53.58046,"DIA"
"LAU6-15","LAU6","LAU","Laussat","Terra Firme","DIAMOND",5.46854,-53.58046,"DIA"
"LAU6-3","LAU6","LAU","Laussat","Terra Firme","DIAMOND",5.46854,-53.58046,"DIA"
"LAU6-4","LAU6","LAU","Laussat","Terra Firme","DIAMOND",5.46854,-53.58046,"DIA"
"LAU6-5","LAU6","LAU","Laussat","Terra Firme","DIAMOND",5.46854,-53.58046,"DIA"
"LAU6-6","LAU6","LAU","Laussat","Terra Firme","DIAMOND",5.46854,-53.58046,"DIA"
"LAU6-8","LAU6","LAU","Laussat","Terra Firme","DIAMOND",5.46854,-53.58046,"DIA"
"LAU6-9","LAU6","LAU","Laussat","Terra Firme","DIAMOND",5.46854,-53.58046,"DIA"
"LAU7-1","LAU7","LAU","Laussat","Seasonally Flooded Forest","DIAMOND",5.47096,-53.57872,"DIA"
"LAU7-10","LAU7","LAU","Laussat","Seasonally Flooded Forest","DIAMOND",5.47096,-53.57872,"DIA"
"LAU7-12","LAU7","LAU","Laussat","Seasonally Flooded Forest","DIAMOND",5.47096,-53.57872,"DIA"
"LAU7-13","LAU7","LAU","Laussat","Seasonally Flooded Forest","DIAMOND",5.47096,-53.57872,"DIA"
"LAU7-15","LAU7","LAU","Laussat","Seasonally Flooded Forest","DIAMOND",5.47096,-53.57872,"DIA"
"LAU7-2","LAU7","LAU","Laussat","Seasonally Flooded Forest","DIAMOND",5.47096,-53.57872,"DIA"
"LAU7-4","LAU7","LAU","Laussat","Seasonally Flooded Forest","DIAMOND",5.47096,-53.57872,"DIA"
"LAU7-5","LAU7","LAU","Laussat","Seasonally Flooded Forest","DIAMOND",5.47096,-53.57872,"DIA"
"LAU7-6","LAU7","LAU","Laussat","Seasonally Flooded Forest","DIAMOND",5.47096,-53.57872,"DIA"
"LAU7-7","LAU7","LAU","Laussat","Seasonally Flooded Forest","DIAMOND",5.47096,-53.57872,"DIA"
"LAU7-8","LAU7","LAU","Laussat","Seasonally Flooded Forest","DIAMOND",5.47096,-53.57872,"DIA"
"MAIBF-1","MAIBF","MAI","Maipouri","Seasonally Flooded Forest","DIAMOND",5.14351,-53.99622,"DIA"
"MAIBF-10","MAIBF","MAI","Maipouri","Seasonally Flooded Forest","DIAMOND",5.14351,-53.99622,"DIA"
"MAIBF-13","MAIBF","MAI","Maipouri","Seasonally Flooded Forest","DIAMOND",5.14351,-53.99622,"DIA"
"MAIBF-14","MAIBF","MAI","Maipouri","Seasonally Flooded Forest","DIAMOND",5.14351,-53.99622,"DIA"
"MAIBF-15","MAIBF","MAI","Maipouri","Seasonally Flooded Forest","DIAMOND",5.14351,-53.99622,"DIA"
"MAIBF-16","MAIBF","MAI","Maipouri","Seasonally Flooded Forest","DIAMOND",5.14351,-53.99622,"DIA"
"MAIBF-2","MAIBF","MAI","Maipouri","Seasonally Flooded Forest","DIAMOND",5.14351,-53.99622,"DIA"
"MAIBF-4","MAIBF","MAI","Maipouri","Seasonally Flooded Forest","DIAMOND",5.14351,-53.99622,"DIA"
"MAIBF-5","MAIBF","MAI","Maipouri","Seasonally Flooded Forest","DIAMOND",5.14351,-53.99622,"DIA"
"MAIBF-6","MAIBF","MAI","Maipouri","Seasonally Flooded Forest","DIAMOND",5.14351,-53.99622,"DIA"
"MAIBF-8","MAIBF","MAI","Maipouri","Seasonally Flooded Forest","DIAMOND",5.14351,-53.99622,"DIA"
"MAIBF-9","MAIBF","MAI","Maipouri","Seasonally Flooded Forest","DIAMOND",5.14351,-53.99622,"DIA"
"MAIT-1","MAITF","MAI","Maipouri","Terra Firme","DIAMOND",5.14326,-53.99739,"DIA"
"MAIT-10","MAITF","MAI","Maipouri","Terra Firme","DIAMOND",5.14326,-53.99739,"DIA"
"MAIT-11","MAITF","MAI","Maipouri","Terra Firme","DIAMOND",5.14326,-53.99739,"DIA"
"MAIT-12","MAITF","MAI","Maipouri","Terra Firme","DIAMOND",5.14326,-53.99739,"DIA"
"MAIT-14","MAITF","MAI","Maipouri","Terra Firme","DIAMOND",5.14326,-53.99739,"DIA"
"MAIT-15","MAITF","MAI","Maipouri","Terra Firme","DIAMOND",5.14326,-53.99739,"DIA"
"MAIT-2","MAITF","MAI","Maipouri","Terra Firme","DIAMOND",5.14326,-53.99739,"DIA"
"MAIT-3","MAITF","MAI","Maipouri","Terra Firme","DIAMOND",5.14326,-53.99739,"DIA"
"MAIT-4","MAITF","MAI","Maipouri","Terra Firme","DIAMOND",5.14326,-53.99739,"DIA"
"MAIT-5","MAITF","MAI","Maipouri","Terra Firme","DIAMOND",5.14326,-53.99739,"DIA"
"MAIT-7","MAITF","MAI","Maipouri","Terra Firme","DIAMOND",5.14326,-53.99739,"DIA"
"MAIT-8","MAITF","MAI","Maipouri","Terra Firme","DIAMOND",5.14326,-53.99739,"DIA"
"MAIT-9","MAITF","MAI","Maipouri","Terra Firme","DIAMOND",5.14326,-53.99739,"DIA"
"MRA-1","MRA","MRA","Montravel","Terra Firme","DIAMOND",4.9116,-52.25897,"DIA"
"MRA-10","MRA","MRA","Montravel","Terra Firme","DIAMOND",4.9116,-52.25897,"DIA"
"MRA-11","MRA","MRA","Montravel","Terra Firme","DIAMOND",4.9116,-52.25897,"DIA"
"MRA-12","MRA","MRA","Montravel","Terra Firme","DIAMOND",4.9116,-52.25897,"DIA"
"MRA-13","MRA","MRA","Montravel","Terra Firme","DIAMOND",4.9116,-52.25897,"DIA"
"MRA-14","MRA","MRA","Montravel","Terra Firme","DIAMOND",4.9116,-52.25897,"DIA"
"MRA-15","MRA","MRA","Montravel","Terra Firme","DIAMOND",4.9116,-52.25897,"DIA"
"MRA-16","MRA","MRA","Montravel","Terra Firme","DIAMOND",4.9116,-52.25897,"DIA"
"MRA-2","MRA","MRA","Montravel","Terra Firme","DIAMOND",4.9116,-52.25897,"DIA"
"MRA-3","MRA","MRA","Montravel","Terra Firme","DIAMOND",4.9116,-52.25897,"DIA"
"MRA-4","MRA","MRA","Montravel","Terra Firme","DIAMOND",4.9116,-52.25897,"DIA"
"MRA-5","MRA","MRA","Montravel","Terra Firme","DIAMOND",4.9116,-52.25897,"DIA"
"MRA-6","MRA","MRA","Montravel","Terra Firme","DIAMOND",4.9116,-52.25897,"DIA"
"MRA-7","MRA","MRA","Montravel","Terra Firme","DIAMOND",4.9116,-52.25897,"DIA"
"MRA-8","MRA","MRA","Montravel","Terra Firme","DIAMOND",4.9116,-52.25897,"DIA"
"MRA-9","MRA","MRA","Montravel","Terra Firme","DIAMOND",4.9116,-52.25897,"DIA"
"MTO-1","MTO","MTO","Montagne Tortue","Terra Firme","DIAMOND",4.2186,-52.41163,"DIA"
"MTO-10","MTO","MTO","Montagne Tortue","Terra Firme","DIAMOND",4.2186,-52.41163,"DIA"
"MTO-11","MTO","MTO","Montagne Tortue","Terra Firme","DIAMOND",4.2186,-52.41163,"DIA"
"MTO-13","MTO","MTO","Montagne Tortue","Terra Firme","DIAMOND",4.2186,-52.41163,"DIA"
"MTO-14","MTO","MTO","Montagne Tortue","Terra Firme","DIAMOND",4.2186,-52.41163,"DIA"
"MTO-15","MTO","MTO","Montagne Tortue","Terra Firme","DIAMOND",4.2186,-52.41163,"DIA"
"MTO-2","MTO","MTO","Montagne Tortue","Terra Firme","DIAMOND",4.2186,-52.41163,"DIA"
"MTO-3","MTO","MTO","Montagne Tortue","Terra Firme","DIAMOND",4.2186,-52.41163,"DIA"
"MTO-5","MTO","MTO","Montagne Tortue","Terra Firme","DIAMOND",4.2186,-52.41163,"DIA"
"MTO-6","MTO","MTO","Montagne Tortue","Terra Firme","DIAMOND",4.2186,-52.41163,"DIA"
"MTO-7","MTO","MTO","Montagne Tortue","Terra Firme","DIAMOND",4.2186,-52.41163,"DIA"
"MTO-8","MTO","MTO","Montagne Tortue","Terra Firme","DIAMOND",4.2186,-52.41163,"DIA"
"ORG0-1","ORG0","ORG","Organabo","Terra Firme","DIAMOND",5.47375,-53.48482,"DIA"
"ORG0-10","ORG0","ORG","Organabo","Terra Firme","DIAMOND",5.47375,-53.48482,"DIA"
"ORG0-12","ORG0","ORG","Organabo","Terra Firme","DIAMOND",5.47375,-53.48482,"DIA"
"ORG0-14","ORG0","ORG","Organabo","Terra Firme","DIAMOND",5.47375,-53.48482,"DIA"
"ORG0-15","ORG0","ORG","Organabo","Terra Firme","DIAMOND",5.47375,-53.48482,"DIA"
"ORG0-16","ORG0","ORG","Organabo","Terra Firme","DIAMOND",5.47375,-53.48482,"DIA"
"ORG0-2","ORG0","ORG","Organabo","Terra Firme","DIAMOND",5.47375,-53.48482,"DIA"
"ORG0-3","ORG0","ORG","Organabo","Terra Firme","DIAMOND",5.47375,-53.48482,"DIA"
"ORG0-4","ORG0","ORG","Organabo","Terra Firme","DIAMOND",5.47375,-53.48482,"DIA"
"ORG0-5","ORG0","ORG","Organabo","Terra Firme","DIAMOND",5.47375,-53.48482,"DIA"
"ORG0-7","ORG0","ORG","Organabo","Terra Firme","DIAMOND",5.47375,-53.48482,"DIA"
"ORG0-8","ORG0","ORG","Organabo","Terra Firme","DIAMOND",5.47375,-53.48482,"DIA"
"ORG1-1","ORG1","ORG","Organabo","Seasonally Flooded Forest","DIAMOND",5.47514,-53.48829,"DIA"
"ORG1-10","ORG1","ORG","Organabo","Seasonally Flooded Forest","DIAMOND",5.47514,-53.48829,"DIA"
"ORG1-11","ORG1","ORG","Organabo","Seasonally Flooded Forest","DIAMOND",5.47514,-53.48829,"DIA"
"ORG1-12","ORG1","ORG","Organabo","Seasonally Flooded Forest","DIAMOND",5.47514,-53.48829,"DIA"
"ORG1-15","ORG1","ORG","Organabo","Seasonally Flooded Forest","DIAMOND",5.47514,-53.48829,"DIA"
"ORG1-2","ORG1","ORG","Organabo","Seasonally Flooded Forest","DIAMOND",5.47514,-53.48829,"DIA"
"ORG1-3","ORG1","ORG","Organabo","Seasonally Flooded Forest","DIAMOND",5.47514,-53.48829,"DIA"
"ORG1-4","ORG1","ORG","Organabo","Seasonally Flooded Forest","DIAMOND",5.47514,-53.48829,"DIA"
"ORG1-5","ORG1","ORG","Organabo","Seasonally Flooded Forest","DIAMOND",5.47514,-53.48829,"DIA"
"ORG1-6","ORG1","ORG","Organabo","Seasonally Flooded Forest","DIAMOND",5.47514,-53.48829,"DIA"
"ORG1-8","ORG1","ORG","Organabo","Seasonally Flooded Forest","DIAMOND",5.47514,-53.48829,"DIA"
"PAT-1","PAT","PAT","Patagaie","White-Sand","DIAMOND",5.40991,-53.1783,"DIA"
"PAT-10","PAT","PAT","Patagaie","White-Sand","DIAMOND",5.40991,-53.1783,"DIA"
"PAT-11","PAT","PAT","Patagaie","White-Sand","DIAMOND",5.40991,-53.1783,"DIA"
"PAT-12","PAT","PAT","Patagaie","White-Sand","DIAMOND",5.40991,-53.1783,"DIA"
"PAT-13","PAT","PAT","Patagaie","White-Sand","DIAMOND",5.40991,-53.1783,"DIA"
"PAT-14","PAT","PAT","Patagaie","White-Sand","DIAMOND",5.40991,-53.1783,"DIA"
"PAT-15","PAT","PAT","Patagaie","White-Sand","DIAMOND",5.40991,-53.1783,"DIA"
"PAT-16","PAT","PAT","Patagaie","White-Sand","DIAMOND",5.40991,-53.1783,"DIA"
"PAT-2","PAT","PAT","Patagaie","White-Sand","DIAMOND",5.40991,-53.1783,"DIA"
"PAT-3","PAT","PAT","Patagaie","White-Sand","DIAMOND",5.40991,-53.1783,"DIA"
"PAT-4","PAT","PAT","Patagaie","White-Sand","DIAMOND",5.40991,-53.1783,"DIA"
"PAT-5","PAT","PAT","Patagaie","White-Sand","DIAMOND",5.40991,-53.1783,"DIA"
"PAT-6","PAT","PAT","Patagaie","White-Sand","DIAMOND",5.40991,-53.1783,"DIA"
"PAT-7","PAT","PAT","Patagaie","White-Sand","DIAMOND",5.40991,-53.1783,"DIA"
"PAT-8","PAT","PAT","Patagaie","White-Sand","DIAMOND",5.40991,-53.1783,"DIA"
"PAT-9","PAT","PAT","Patagaie","White-Sand","DIAMOND",5.40991,-53.1783,"DIA"
"PMT11-1","PMT11","PMT","Petite Montagne Tortue","White-Sand","DIAMOND",4.31119,-52.22752,"DIA"
"PMT11-10","PMT11","PMT","Petite Montagne Tortue","White-Sand","DIAMOND",4.31119,-52.22752,"DIA"
"PMT11-11","PMT11","PMT","Petite Montagne Tortue","White-Sand","DIAMOND",4.31119,-52.22752,"DIA"
"PMT11-12","PMT11","PMT","Petite Montagne Tortue","White-Sand","DIAMOND",4.31119,-52.22752,"DIA"
"PMT11-13","PMT11","PMT","Petite Montagne Tortue","White-Sand","DIAMOND",4.31119,-52.22752,"DIA"
"PMT11-14","PMT11","PMT","Petite Montagne Tortue","White-Sand","DIAMOND",4.31119,-52.22752,"DIA"
"PMT11-15","PMT11","PMT","Petite Montagne Tortue","White-Sand","DIAMOND",4.31119,-52.22752,"DIA"
"PMT11-16","PMT11","PMT","Petite Montagne Tortue","White-Sand","DIAMOND",4.31119,-52.22752,"DIA"
"PMT11-2","PMT11","PMT","Petite Montagne Tortue","White-Sand","DIAMOND",4.31119,-52.22752,"DIA"
"PMT11-3","PMT11","PMT","Petite Montagne Tortue","White-Sand","DIAMOND",4.31119,-52.22752,"DIA"
"PMT11-4","PMT11","PMT","Petite Montagne Tortue","White-Sand","DIAMOND",4.31119,-52.22752,"DIA"
"PMT11-5","PMT11","PMT","Petite Montagne Tortue","White-Sand","DIAMOND",4.31119,-52.22752,"DIA"
"PMT11-6","PMT11","PMT","Petite Montagne Tortue","White-Sand","DIAMOND",4.31119,-52.22752,"DIA"
"PMT11-7","PMT11","PMT","Petite Montagne Tortue","White-Sand","DIAMOND",4.31119,-52.22752,"DIA"
"PMT11-9","PMT11","PMT","Petite Montagne Tortue","White-Sand","DIAMOND",4.31119,-52.22752,"DIA"
"PMT16-1","PMT16","PMT","Petite Montagne Tortue","Seasonally Flooded Forest","DIAMOND",4.30381,-52.23712,"DIA"
"PMT16-10","PMT16","PMT","Petite Montagne Tortue","Seasonally Flooded Forest","DIAMOND",4.30381,-52.23712,"DIA"
"PMT16-11","PMT16","PMT","Petite Montagne Tortue","Seasonally Flooded Forest","DIAMOND",4.30381,-52.23712,"DIA"
"PMT16-12","PMT16","PMT","Petite Montagne Tortue","Seasonally Flooded Forest","DIAMOND",4.30381,-52.23712,"DIA"
"PMT16-13","PMT16","PMT","Petite Montagne Tortue","Seasonally Flooded Forest","DIAMOND",4.30381,-52.23712,"DIA"
"PMT16-15","PMT16","PMT","Petite Montagne Tortue","Seasonally Flooded Forest","DIAMOND",4.30381,-52.23712,"DIA"
"PMT16-16","PMT16","PMT","Petite Montagne Tortue","Seasonally Flooded Forest","DIAMOND",4.30381,-52.23712,"DIA"
"PMT16-2","PMT16","PMT","Petite Montagne Tortue","Seasonally Flooded Forest","DIAMOND",4.30381,-52.23712,"DIA"
"PMT16-3","PMT16","PMT","Petite Montagne Tortue","Seasonally Flooded Forest","DIAMOND",4.30381,-52.23712,"DIA"
"PMT16-4","PMT16","PMT","Petite Montagne Tortue","Seasonally Flooded Forest","DIAMOND",4.30381,-52.23712,"DIA"
"PMT16-5","PMT16","PMT","Petite Montagne Tortue","Seasonally Flooded Forest","DIAMOND",4.30381,-52.23712,"DIA"
"PMT16-7","PMT16","PMT","Petite Montagne Tortue","Seasonally Flooded Forest","DIAMOND",4.30381,-52.23712,"DIA"
"PMT16-8","PMT16","PMT","Petite Montagne Tortue","Seasonally Flooded Forest","DIAMOND",4.30381,-52.23712,"DIA"
"PMT16-9","PMT16","PMT","Petite Montagne Tortue","Seasonally Flooded Forest","DIAMOND",4.30381,-52.23712,"DIA"
"ROR-1","ROR","ROR","Rorota","Terra Firme","DIAMOND",4.8764,-52.2608,"DIA"
"ROR-10","ROR","ROR","Rorota","Terra Firme","DIAMOND",4.8764,-52.2608,"DIA"
"ROR-11","ROR","ROR","Rorota","Terra Firme","DIAMOND",4.8764,-52.2608,"DIA"
"ROR-12","ROR","ROR","Rorota","Terra Firme","DIAMOND",4.8764,-52.2608,"DIA"
"ROR-13","ROR","ROR","Rorota","Terra Firme","DIAMOND",4.8764,-52.2608,"DIA"
"ROR-14","ROR","ROR","Rorota","Terra Firme","DIAMOND",4.8764,-52.2608,"DIA"
"ROR-15","ROR","ROR","Rorota","Terra Firme","DIAMOND",4.8764,-52.2608,"DIA"
"ROR-16","ROR","ROR","Rorota","Terra Firme","DIAMOND",4.8764,-52.2608,"DIA"
"ROR-2","ROR","ROR","Rorota","Terra Firme","DIAMOND",4.8764,-52.2608,"DIA"
"ROR-3","ROR","ROR","Rorota","Terra Firme","DIAMOND",4.8764,-52.2608,"DIA"
"ROR-5","ROR","ROR","Rorota","Terra Firme","DIAMOND",4.8764,-52.2608,"DIA"
"ROR-6","ROR","ROR","Rorota","Terra Firme","DIAMOND",4.8764,-52.2608,"DIA"
"ROR-7","ROR","ROR","Rorota","Terra Firme","DIAMOND",4.8764,-52.2608,"DIA"
"ROR-8","ROR","ROR","Rorota","Terra Firme","DIAMOND",4.8764,-52.2608,"DIA"
"ROR-9","ROR","ROR","Rorota","Terra Firme","DIAMOND",4.8764,-52.2608,"DIA"
"GALP1-15","GALP1","GAL","Mont Galbao","Terra Firme","GALBAO",3.60405,-53.26783,"GAL"
"GALP1-2","GALP1","GAL","Mont Galbao","Terra Firme","GALBAO",3.60405,-53.26783,"GAL"
"GALP1-5","GALP1","GAL","Mont Galbao","Terra Firme","GALBAO",3.60405,-53.26783,"GAL"
"GALP2-10","GALP2","GAL","Mont Galbao","Terra Firme","GALBAO",3.60075,-53.26635,"GAL"
"GALP2-11","GALP2","GAL","Mont Galbao","Terra Firme","GALBAO",3.60075,-53.26635,"GAL"
"GALP2-12","GALP2","GAL","Mont Galbao","Terra Firme","GALBAO",3.60075,-53.26635,"GAL"
"GALP2-13","GALP2","GAL","Mont Galbao","Terra Firme","GALBAO",3.60075,-53.26635,"GAL"
"GALP2-14","GALP2","GAL","Mont Galbao","Terra Firme","GALBAO",3.60075,-53.26635,"GAL"
"GALP2-16","GALP2","GAL","Mont Galbao","Terra Firme","GALBAO",3.60075,-53.26635,"GAL"
"GALP2-2","GALP2","GAL","Mont Galbao","Terra Firme","GALBAO",3.60075,-53.26635,"GAL"
"GALP2-3","GALP2","GAL","Mont Galbao","Terra Firme","GALBAO",3.60075,-53.26635,"GAL"
"GALP2-5","GALP2","GAL","Mont Galbao","Terra Firme","GALBAO",3.60075,-53.26635,"GAL"
"GALP2-6","GALP2","GAL","Mont Galbao","Terra Firme","GALBAO",3.60075,-53.26635,"GAL"
"GALP2-7","GALP2","GAL","Mont Galbao","Terra Firme","GALBAO",3.60075,-53.26635,"GAL"
"GALP2-9","GALP2","GAL","Mont Galbao","Terra Firme","GALBAO",3.60075,-53.26635,"GAL"
"GALP3-1","GALP3","GAL","Mont Galbao","Terra Firme","GALBAO",3.60018,-53.27048,"GAL"
"GALP3-11","GALP3","GAL","Mont Galbao","Terra Firme","GALBAO",3.60018,-53.27048,"GAL"
"GALP3-14","GALP3","GAL","Mont Galbao","Terra Firme","GALBAO",3.60018,-53.27048,"GAL"
"GALP3-15","GALP3","GAL","Mont Galbao","Terra Firme","GALBAO",3.60018,-53.27048,"GAL"
"GALP3-16","GALP3","GAL","Mont Galbao","Terra Firme","GALBAO",3.60018,-53.27048,"GAL"
"GALP3-2","GALP3","GAL","Mont Galbao","Terra Firme","GALBAO",3.60018,-53.27048,"GAL"
"GALP3-3","GALP3","GAL","Mont Galbao","Terra Firme","GALBAO",3.60018,-53.27048,"GAL"
"GALP3-5","GALP3","GAL","Mont Galbao","Terra Firme","GALBAO",3.60018,-53.27048,"GAL"
"GALP3-9","GALP3","GAL","Mont Galbao","Terra Firme","GALBAO",3.60018,-53.27048,"GAL"
"GALP4-1","GALP4","GAL","Mont Galbao","Terra Firme","GALBAO",3.58831,-53.2834,"GAL"
"GALP4-11","GALP4","GAL","Mont Galbao","Terra Firme","GALBAO",3.58831,-53.2834,"GAL"
"GALP4-13","GALP4","GAL","Mont Galbao","Terra Firme","GALBAO",3.58831,-53.2834,"GAL"
"GALP4-16","GALP4","GAL","Mont Galbao","Terra Firme","GALBAO",3.58831,-53.2834,"GAL"
"GALP4-2","GALP4","GAL","Mont Galbao","Terra Firme","GALBAO",3.58831,-53.2834,"GAL"
"GALP4-5","GALP4","GAL","Mont Galbao","Terra Firme","GALBAO",3.58831,-53.2834,"GAL"
"GALP4-6","GALP4","GAL","Mont Galbao","Terra Firme","GALBAO",3.58831,-53.2834,"GAL"
"GALP5-12","GALP5","GAL","Mont Galbao","Terra Firme","GALBAO",3.60386,-53.28098,"GAL"
"GALP5-15","GALP5","GAL","Mont Galbao","Terra Firme","GALBAO",3.60386,-53.28098,"GAL"
"GALP5-2","GALP5","GAL","Mont Galbao","Terra Firme","GALBAO",3.60386,-53.28098,"GAL"
"GALP5-4","GALP5","GAL","Mont Galbao","Terra Firme","GALBAO",3.60386,-53.28098,"GAL"
"GALP5-6","GALP5","GAL","Mont Galbao","Terra Firme","GALBAO",3.60386,-53.28098,"GAL"
"GALP5-7","GALP5","GAL","Mont Galbao","Terra Firme","GALBAO",3.60386,-53.28098,"GAL"
"GALP6-1","GALP6","GAL","Mont Galbao","Terra Firme","GALBAO",3.59619,-53.27747,"GAL"
"GALP6-10","GALP6","GAL","Mont Galbao","Terra Firme","GALBAO",3.59619,-53.27747,"GAL"
"GALP6-15","GALP6","GAL","Mont Galbao","Terra Firme","GALBAO",3.59619,-53.27747,"GAL"
"GALP6-16","GALP6","GAL","Mont Galbao","Terra Firme","GALBAO",3.59619,-53.27747,"GAL"
"GALP6-2","GALP6","GAL","Mont Galbao","Terra Firme","GALBAO",3.59619,-53.27747,"GAL"
"GALP6-3","GALP6","GAL","Mont Galbao","Terra Firme","GALBAO",3.59619,-53.27747,"GAL"
"GALP6-4","GALP6","GAL","Mont Galbao","Terra Firme","GALBAO",3.59619,-53.27747,"GAL"
"GALP6-9","GALP6","GAL","Mont Galbao","Terra Firme","GALBAO",3.59619,-53.27747,"GAL"
"GALP7-1","GALP7","GAL","Mont Galbao","Seasonally Flooded Forest","GALBAO",3.60167,-53.27483,"GAL"
"GALP7-10","GALP7","GAL","Mont Galbao","Seasonally Flooded Forest","GALBAO",3.60167,-53.27483,"GAL"
"GALP7-12","GALP7","GAL","Mont Galbao","Seasonally Flooded Forest","GALBAO",3.60167,-53.27483,"GAL"
"GALP7-13","GALP7","GAL","Mont Galbao","Seasonally Flooded Forest","GALBAO",3.60167,-53.27483,"GAL"
"GALP7-15","GALP7","GAL","Mont Galbao","Seasonally Flooded Forest","GALBAO",3.60167,-53.27483,"GAL"
"GALP7-2","GALP7","GAL","Mont Galbao","Seasonally Flooded Forest","GALBAO",3.60167,-53.27483,"GAL"
"GALP7-6","GALP7","GAL","Mont Galbao","Seasonally Flooded Forest","GALBAO",3.60167,-53.27483,"GAL"
"GALP7-8","GALP7","GAL","Mont Galbao","Seasonally Flooded Forest","GALBAO",3.60167,-53.27483,"GAL"
"GALP8-10","GALP8","GAL","Mont Galbao","Seasonally Flooded Forest","GALBAO",3.60725,-53.28744,"GAL"
"GALP8-12","GALP8","GAL","Mont Galbao","Seasonally Flooded Forest","GALBAO",3.60725,-53.28744,"GAL"
"GALP8-13","GALP8","GAL","Mont Galbao","Seasonally Flooded Forest","GALBAO",3.60725,-53.28744,"GAL"
"GALP8-16","GALP8","GAL","Mont Galbao","Seasonally Flooded Forest","GALBAO",3.60725,-53.28744,"GAL"
"GALP8-2","GALP8","GAL","Mont Galbao","Seasonally Flooded Forest","GALBAO",3.60725,-53.28744,"GAL"
"GALP8-5","GALP8","GAL","Mont Galbao","Seasonally Flooded Forest","GALBAO",3.60725,-53.28744,"GAL"
"GALP8-7","GALP8","GAL","Mont Galbao","Seasonally Flooded Forest","GALBAO",3.60725,-53.28744,"GAL"
"GALP8-8","GALP8","GAL","Mont Galbao","Seasonally Flooded Forest","GALBAO",3.60725,-53.28744,"GAL"
"GALP8-9","GALP8","GAL","Mont Galbao","Seasonally Flooded Forest","GALBAO",3.60725,-53.28744,"GAL"
